2026-03-04 22:08:21,715 - ============================================================
2026-03-04 22:08:21,715 - ПАРСИНГ TH-TOOL.BY - 1000 ТОВАРОВ
2026-03-04 22:08:21,715 - ============================================================
2026-03-04 22:08:21,716 - Получение URL из sitemap (лимит: 1000)...
2026-03-04 22:08:22,885 - [1/1000] 0.1% - https://th-tool.by/...
2026-03-04 22:08:35,684 - [2/1000] 0.2% - https://th-tool.by/manzhety-dlya-trd55002/...
2026-03-04 22:08:48,537 - [3/1000] 0.3% - https://th-tool.by/manzhety-dlya-trd54501/...
2026-03-04 22:09:01,261 - [4/1000] 0.4% - https://th-tool.by/torsionnaya-pruzhina-25-dlya-t82256/...
2026-03-04 22:09:13,975 - [5/1000] 0.5% - https://th-tool.by/manzhety-dlya-trk1500-4/...
2026-03-04 22:09:26,759 - [6/1000] 0.6% - https://th-tool.by/manzhety-dlya-t83505/...
2026-03-04 22:09:39,476 - [7/1000] 0.7% - https://th-tool.by/manzhety-dlya-t51003/...
2026-03-04 22:09:52,198 - [8/1000] 0.8% - https://th-tool.by/manzhety-dlya-t90504/...
2026-03-04 22:10:04,855 - [9/1000] 0.9% - https://th-tool.by/manzhety-dlya-t91204/...
2026-03-04 22:10:17,679 - [10/1000] 1.0% - https://th-tool.by/manzhety-dlya-t91504/...
2026-03-04 22:10:30,351 - [11/1000] 1.1% - https://th-tool.by/manzhety-dlya-t93007/...
2026-03-04 22:10:43,073 - [12/1000] 1.2% - https://th-tool.by/vorotok-t-obraznyy-250mm-1-2/...
2026-03-04 22:10:56,189 - [13/1000] 1.3% - https://th-tool.by/manzhety-dlya-t30306/...
2026-03-04 22:11:08,848 - [14/1000] 1.4% - https://th-tool.by/manzhety-dlya-t820013/...
2026-03-04 22:11:21,524 - [15/1000] 1.5% - https://th-tool.by/komplekt-sopel-dlya-peskostruynogo-pistoleta-artiku...
2026-03-04 22:11:34,499 - [16/1000] 1.6% - https://th-tool.by/indikator-davleniya-tsifrovoy-dlya-pnevmo-sistem/...
2026-03-04 22:11:47,651 - [17/1000] 1.7% - https://th-tool.by/pistolet-dlya-podkachki-shin-s-tsifrovym-indikatoro...
2026-03-04 22:12:00,623 - [18/1000] 1.8% - https://th-tool.by/shlang-neylonovyy-7-5-x-10mm-x-1-metr-dlya-vozdukha...
2026-03-04 22:12:13,594 - [19/1000] 1.9% - https://th-tool.by/bystrorazem-pnevmaticheskiy-s-klapanom-s-vnutrenney...
2026-03-04 22:12:26,725 - [20/1000] 2.0% - https://th-tool.by/bystrorazem-pnevmaticheskiy-s-klapanom-s-naruzhnoy-...
2026-03-04 22:12:39,813 - [21/1000] 2.1% - https://th-tool.by/bystrorazem-pnevmaticheskiy-s-klapanom-elochka-8mm-...
2026-03-04 22:12:52,975 - [22/1000] 2.2% - https://th-tool.by/remen-dlya-balansirovochnogo-stanka/...
2026-03-04 22:13:05,665 - [23/1000] 2.3% - https://th-tool.by/nasadka-dlya-litykh-diskov-k-t-4-sht/...
2026-03-04 22:13:18,423 - [24/1000] 2.4% - https://th-tool.by/klapan-k-hdv-3050/...
2026-03-04 22:13:31,354 - [25/1000] 2.5% - https://th-tool.by/manzheta_6/...
2026-03-04 22:13:44,064 - [26/1000] 2.6% - https://th-tool.by/knopka_1/...
2026-03-04 22:13:56,800 - [27/1000] 2.7% - https://th-tool.by/panel-upravleniya-balasirovochnogo-stanka-ee380d/...
2026-03-04 22:14:09,556 - [28/1000] 2.8% - https://th-tool.by/golovka-torks-glubokaya-e20-1-2/...
2026-03-04 22:14:22,475 - [29/1000] 2.9% - https://th-tool.by/tros-4-kh-stoechnogo-podemnika-stoyka-iii-l-10500mm...
2026-03-04 22:14:35,177 - [30/1000] 3.0% - https://th-tool.by/kryshka-podemnika-s-rolikom/...
2026-03-04 22:14:47,870 - [31/1000] 3.1% - https://th-tool.by/golovka-torks-glubokaya-e24-1-2/...
2026-03-04 22:15:00,856 - [32/1000] 3.2% - https://th-tool.by/razvetvitel-t-obraznyy-elochka-18mm/...
2026-03-04 22:15:13,564 - [33/1000] 3.3% - https://th-tool.by/razvetvitel-t-obraznyy-elochka-20mm/...
2026-03-04 22:15:26,249 - [34/1000] 3.4% - https://th-tool.by/razvetvitel-y-obraznyy-elochka-16mm/...
2026-03-04 22:15:39,118 - [35/1000] 3.5% - https://th-tool.by/razvetvitel-x-obraznyy-elochka-16mm/...
2026-03-04 22:15:51,912 - [36/1000] 3.6% - https://th-tool.by/razvetvitel-x-obraznyy-elochka-20mm/...
2026-03-04 22:16:04,663 - [37/1000] 3.7% - https://th-tool.by/trubka-stekloarmirovannaya-krasnaya-s-pokrytiem-akr...
2026-03-04 22:16:17,588 - [38/1000] 3.8% - https://th-tool.by/organayzer-tkanevyy-dlya-nabora-klyuchey-14pr/...
2026-03-04 22:16:30,706 - [39/1000] 3.9% - https://th-tool.by/klyuch-balonnyy-dvustoronniy-usilennyy-33x36-l-400m...
2026-03-04 22:16:43,620 - [40/1000] 4.0% - https://th-tool.by/klyuch-balonnyy-dvustoronniy-usilennyy-33x36-l-400m...
2026-03-04 22:16:56,531 - [41/1000] 4.1% - https://th-tool.by/klyuch-balonnyy-dvustoronniy-usilennyy-33x36-l-400m...
2026-03-04 22:17:09,478 - [42/1000] 4.2% - https://th-tool.by/perchatki-kh-b-s-pvkh-10-klass-10par/...
2026-03-04 22:17:22,524 - [43/1000] 4.3% - https://th-tool.by/perchatki-trik-kh-b-7kl-s-pvkh-chernye-art-50-10par...
2026-03-04 22:17:35,211 - [44/1000] 4.4% - https://th-tool.by/botinki-art-3208-r-42/...
2026-03-04 22:17:47,908 - [45/1000] 4.5% - https://th-tool.by/kostyum-standart-2-sop-siniy-s-vasil-kurtka-polukom...
2026-03-04 22:18:00,580 - [46/1000] 4.6% - https://th-tool.by/ochki-zashchitnye-panoramnye-istok-yevro-art-40012/...
2026-03-04 22:18:13,324 - [47/1000] 4.7% - https://th-tool.by/semnik-maslyanogo-filtra-kryshka-76mm-kh-12gr-v-bli...
2026-03-04 22:18:26,206 - [48/1000] 4.8% - https://th-tool.by/semnik-maslyanogo-filtra-kryshka-75mm-kh-15gr/...
2026-03-04 22:18:39,163 - [49/1000] 4.9% - https://th-tool.by/stul-lezhak-transformer-podkatnoy-na-6-ti-kolesakh-...
2026-03-04 22:18:52,447 - [50/1000] 5.0% - https://th-tool.by/nakidka-zashchitnaya-magnitnaya-na-krylo-avtomobily...
2026-03-04 22:19:05,567 - 
--- Прогресс: 50/1000 | Успешно: 49 | Ошибки: 1 | Время: 10.7 мин ---

2026-03-04 22:19:05,567 - [51/1000] 5.1% - https://th-tool.by/nabor-instrumentov-dlya-ruchnogo-montazha-demontazh...
2026-03-04 22:19:18,396 - [52/1000] 5.2% - https://th-tool.by/nabor-golovok-spetsialnykh-dlya-shlitsevykh-gaek-11...
2026-03-04 22:19:31,167 - [53/1000] 5.3% - https://th-tool.by/nabor-dlya-snyatiya-shkivov-generatorov-18pr-1-2-m1...
2026-03-04 22:19:43,935 - [54/1000] 5.4% - https://th-tool.by/nabor-fiksatorov-dlya-obsluzhivaniya-dvigateley-rov...
2026-03-04 22:19:56,693 - [55/1000] 5.5% - https://th-tool.by/nakidka-zashchitnaya-magnitnaya-na-krylo-avtomobily...
2026-03-04 22:20:09,812 - [56/1000] 5.6% - https://th-tool.by/nabor-instrumentov-udarnykh-1-2-10pr-10-12-13-14-17...
2026-03-04 22:20:22,762 - [57/1000] 5.7% - https://th-tool.by/vorotok-g-obraznyy-dvukhstoronniy-udarnyy-cr-mo-300...
2026-03-04 22:20:35,996 - [58/1000] 5.8% - https://th-tool.by/vorotok-g-obraznyy-dvukhstoronniy-udarnyy-cr-mo-460...
2026-03-04 22:20:48,851 - [59/1000] 5.9% - https://th-tool.by/udlinitel-udarnyy-cr-mo-250mm-1-2_2/...
2026-03-04 22:21:01,936 - [60/1000] 6.0% - https://th-tool.by/udlinitel-udarnyy-cr-mo-75mm-1-2/...
2026-03-04 22:21:14,826 - [61/1000] 6.1% - https://th-tool.by/klyuch-razvodnoy-10-250mm-zakhvat-0-30mm/...
2026-03-04 22:21:27,544 - [62/1000] 6.2% - https://th-tool.by/svetilnik-uvlazhnitel-vozdukha-grib/...
2026-03-04 22:21:40,384 - [63/1000] 6.3% - https://th-tool.by/pnevmopistolet-dlya-moyki-dvigatelya-so-shlangom-9-...
2026-03-04 22:21:53,087 - [64/1000] 6.4% - https://th-tool.by/bita-torx-t20kh75mm-10mm/...
2026-03-04 22:22:05,877 - [65/1000] 6.5% - https://th-tool.by/metchik-m4x0-7-3sht-v-plastikovom-futlyare/...
2026-03-04 22:22:18,659 - [66/1000] 6.6% - https://th-tool.by/metchik-m5x0-8-3sht-v-plastikovom-futlyare/...
2026-03-04 22:22:31,423 - [67/1000] 6.7% - https://th-tool.by/bita-torx-t25kh75mm-10mm/...
2026-03-04 22:22:44,195 - [68/1000] 6.8% - https://th-tool.by/metchik-m6x1-3sht-v-plastikovom-futlyare/...
2026-03-04 22:22:56,941 - [69/1000] 6.9% - https://th-tool.by/metchik-m7x1-3sht-v-plastikovom-futlyare/...
2026-03-04 22:23:09,707 - [70/1000] 7.0% - https://th-tool.by/bita-torx-t27kh75mm-10mm/...
2026-03-04 22:23:22,566 - [71/1000] 7.1% - https://th-tool.by/treshchotka-s-prorezinennoy-protivoskolzyashchey-ru...
2026-03-04 22:23:35,480 - [72/1000] 7.2% - https://th-tool.by/bita-torx-t30kh75mm-10mm/...
2026-03-04 22:23:48,320 - [73/1000] 7.3% - https://th-tool.by/nabor-instrumentov-17pr-1-4-6gr-4-13mm/...
2026-03-04 22:24:01,368 - [74/1000] 7.4% - https://th-tool.by/metchik-m8x1-3sht-v-plastikovom-futlyare/...
2026-03-04 22:24:14,394 - [75/1000] 7.5% - https://th-tool.by/metchik-m8x1-25-3sht-v-plastikovom-futlyare/...
2026-03-04 22:24:27,204 - [76/1000] 7.6% - https://th-tool.by/metchik-m9x1-3sht-v-plastikovom-futlyare/...
2026-03-04 22:24:40,085 - [77/1000] 7.7% - https://th-tool.by/bita-torx-t40kh75mm-10mm/...
2026-03-04 22:24:53,198 - [78/1000] 7.8% - https://th-tool.by/nabor-instrumentov-24pr-1-2-6-gr-8-32mm-v-metal-key...
2026-03-04 22:25:05,946 - [79/1000] 7.9% - https://th-tool.by/bita-torx-t45kh75mm-10mm/...
2026-03-04 22:25:18,977 - [80/1000] 8.0% - https://th-tool.by/nabor-golovok-s-treshchotkoy-i-udlinitelem-v-plast-...
2026-03-04 22:25:31,752 - [81/1000] 8.1% - https://th-tool.by/nabor-golovok-18pr-1-2-6-gr-8-19-21-22-24-27-30-32m...
2026-03-04 22:25:44,561 - [82/1000] 8.2% - https://th-tool.by/1-2-nabor-golovok-na-metal-planke-14pr-8-24mm-6-gra...
2026-03-04 22:25:57,661 - [83/1000] 8.3% - https://th-tool.by/golovka-8mm-6gr-1-2/...
2026-03-04 22:26:10,626 - [84/1000] 8.4% - https://th-tool.by/golovka-10mm-6gr-1-2/...
2026-03-04 22:26:23,679 - [85/1000] 8.5% - https://th-tool.by/bita-torx-t50kh75mm-10mm/...
2026-03-04 22:26:36,436 - [86/1000] 8.6% - https://th-tool.by/golovka-12mm-1-2-6gr/...
2026-03-04 22:26:49,239 - [87/1000] 8.7% - https://th-tool.by/golovka-14mm-1-2-6gr/...
2026-03-04 22:27:02,103 - [88/1000] 8.8% - https://th-tool.by/golovka-15mm-6gr-1-2/...
2026-03-04 22:27:15,126 - [89/1000] 8.9% - https://th-tool.by/golovka-18mm-6gr-1-2/...
2026-03-04 22:27:28,228 - [90/1000] 9.0% - https://th-tool.by/golovka-21mm-6gr-1-2/...
2026-03-04 22:27:41,194 - [91/1000] 9.1% - https://th-tool.by/bita-torx-t55kh75mm-10mm/...
2026-03-04 22:27:54,427 - [92/1000] 9.2% - https://th-tool.by/golovka-22mm-6gr-1-2/...
2026-03-04 22:28:07,465 - [93/1000] 9.3% - https://th-tool.by/golovka-24mm-1-2-6gr/...
2026-03-04 22:28:20,357 - [94/1000] 9.4% - https://th-tool.by/golovka-30mm-6gr-1-2/...
2026-03-04 22:28:33,350 - [95/1000] 9.5% - https://th-tool.by/golovka-32mm-6gr-1-2/...
2026-03-04 22:28:46,346 - [96/1000] 9.6% - https://th-tool.by/golovka-8mm-12gr-1-2/...
2026-03-04 22:28:59,482 - [97/1000] 9.7% - https://th-tool.by/bita-torx-t60kh75mml-10mm/...
2026-03-04 22:29:12,632 - [98/1000] 9.8% - https://th-tool.by/golovka-18mm-1-2-12gr/...
2026-03-04 22:29:25,569 - [99/1000] 9.9% - https://th-tool.by/golovka-22mm-12gr-1-2/...
2026-03-04 22:29:38,632 - [100/1000] 10.0% - https://th-tool.by/10mm-bita-torks-120mml-t45/...
2026-03-04 22:29:51,747 - 
--- Прогресс: 100/1000 | Успешно: 99 | Ошибки: 1 | Время: 21.5 мин ---

2026-03-04 22:29:51,748 - [101/1000] 10.1% - https://th-tool.by/golovka-27mm-12gr-1-2/...
2026-03-04 22:30:22,104 - [102/1000] 10.2% - https://th-tool.by/golovka-32mm-12gr-1-2/...
2026-03-04 22:30:34,991 - [103/1000] 10.3% - https://th-tool.by/golovka-glubokaya-9mm-6gr-1-2/...
2026-03-04 22:30:47,990 - [104/1000] 10.4% - https://th-tool.by/golovka-glubokaya-10mm-6gr-1-2/...
2026-03-04 22:31:01,054 - [105/1000] 10.5% - https://th-tool.by/golovka-glubokaya-11mm-6gr-1-2/...
2026-03-04 22:31:14,055 - [106/1000] 10.6% - https://th-tool.by/bita-6-grannaya-h4kh30mml-10mm/...
2026-03-04 22:31:27,109 - [107/1000] 10.7% - https://th-tool.by/golovka-glubokaya-14mm-6gr-1-2/...
2026-03-04 22:31:40,257 - [108/1000] 10.8% - https://th-tool.by/golovka-glubokaya-22mm-6gr-1-2/...
2026-03-04 22:31:53,186 - [109/1000] 10.9% - https://th-tool.by/bita-6-grannaya-h5kh30mml-10mm/...
2026-03-04 22:32:06,167 - [110/1000] 11.0% - https://th-tool.by/fonarik-alyuminievyy-korpus/...
2026-03-04 22:32:18,906 - [111/1000] 11.1% - https://th-tool.by/bita-6-grannaya-h7kh30mml-10mm/...
2026-03-04 22:32:31,855 - [112/1000] 11.2% - https://th-tool.by/zashchitnaya-nakladka-diskov-k-stendu-shinomontazhn...
2026-03-04 22:32:44,577 - [113/1000] 11.3% - https://th-tool.by/zashchitnaya-nakladka-diskov-k-stendu-shinomontazhn...
2026-03-04 22:32:57,283 - [114/1000] 11.4% - https://th-tool.by/napravlyayushchaya-shtoka-otzhima-k-stendu-shinomon...
2026-03-04 22:33:10,064 - [115/1000] 11.5% - https://th-tool.by/napravlyayushchaya-shtoka-k-stendu-shinomontazhnomu...
2026-03-04 22:33:22,819 - [116/1000] 11.6% - https://th-tool.by/komplekt-maslyanykh-shlangov-dlya-podemnika-pl-4-2s...
2026-03-04 22:33:35,529 - [117/1000] 11.7% - https://th-tool.by/remen-k-stendu-shinomontazhnomu-pl-1236it/...
2026-03-04 22:33:48,200 - [118/1000] 11.8% - https://th-tool.by/remkomplekt-tsilindra-podemnika-pl-4-401-403-406-40...
2026-03-04 22:34:00,921 - [119/1000] 11.9% - https://th-tool.by/manzheta-f60-50-6-5-k-stendu-shinomontazhnomu-pl-12...
2026-03-04 22:34:13,663 - [120/1000] 12.0% - https://th-tool.by/koltso-uplotnitelnoe-11-18mm/...
2026-03-04 22:34:26,475 - [121/1000] 12.1% - https://th-tool.by/bita-6-grannaya-h8kh30mml-10mm/...
2026-03-04 22:34:39,307 - [122/1000] 12.2% - https://th-tool.by/manzheta-tsilindra-otzhima-d200-184-12-k-stendu-shi...
2026-03-04 22:34:52,248 - [123/1000] 12.3% - https://th-tool.by/manzheta-shtoka-20-28-7-5-k-stendu-shinomontazhnomu...
2026-03-04 22:35:05,000 - [124/1000] 12.4% - https://th-tool.by/uplotnenie-shtoka-k-stendu-shinomontazhnomu-pl-1236...
2026-03-04 22:35:17,765 - [125/1000] 12.5% - https://th-tool.by/koltso-uplotnitelnoe-f62-2-8-k-stendu-shinomontazhn...
2026-03-04 22:35:30,649 - [126/1000] 12.6% - https://th-tool.by/koltso-uplotnitelnoe-f89-2-k-stendu-shinomontazhnom...
2026-03-04 22:35:43,416 - [127/1000] 12.7% - https://th-tool.by/koltso-uplotnitelnoe-59-9x2-62-k-stendu-shinomontaz...
2026-03-04 22:35:56,197 - [128/1000] 12.8% - https://th-tool.by/rezinovaya-nakladka-na-lapu-podemnika-pl-4/...
2026-03-04 22:36:08,940 - [129/1000] 12.9% - https://th-tool.by/bita-spline-m5kh30mml-10mm/...
2026-03-04 22:36:22,051 - [130/1000] 13.0% - https://th-tool.by/pruzhina-pedali-k-stendu-shinomontazhnomu-pl-1236it...
2026-03-04 22:36:34,730 - [131/1000] 13.1% - https://th-tool.by/nadstavka-na-lapu-podemnika-pl-4-110mm/...
2026-03-04 22:36:47,435 - [132/1000] 13.2% - https://th-tool.by/tros-dlya-podemnika-pl-4/...
2026-03-04 22:37:00,096 - [133/1000] 13.3% - https://th-tool.by/lapa-otzhima-k-stendu-shinomontazhnomu-pl-1236it/...
2026-03-04 22:37:12,905 - [134/1000] 13.4% - https://th-tool.by/reduktor-k-stendu-shinomontazhnomu-pl-1236it/...
2026-03-04 22:37:25,639 - [135/1000] 13.5% - https://th-tool.by/shtok-raspredelitelya-k-stendu-shinomontazhnomu-pl-...
2026-03-04 22:37:38,363 - [136/1000] 13.6% - https://th-tool.by/bita-spline-m6kh30mm-10mm/...
2026-03-04 22:37:51,461 - [137/1000] 13.7% - https://th-tool.by/lapa-otzhima-k-stendu-shinomontazhnomu-pl-1201/...
2026-03-04 22:38:04,167 - [138/1000] 13.8% - https://th-tool.by/razgruzochnyy-klapan-dlya-podemnika-pl-4/...
2026-03-04 22:38:16,860 - [139/1000] 13.9% - https://th-tool.by/klapan-drosselnyy-v-raspredelitel-vozdushnyy-k-sten...
2026-03-04 22:38:29,633 - [140/1000] 14.0% - https://th-tool.by/datchik-rezistor-davleniya-k-stendu-balansirovochno...
2026-03-04 22:38:42,372 - [141/1000] 14.1% - https://th-tool.by/korobka-kondensatorov-k-kompressoru-serii-tb265/...
2026-03-04 22:38:55,098 - [142/1000] 14.2% - https://th-tool.by/perekhodnaya-mufta-k-stendu-shinomontazhnomu-pl-123...
2026-03-04 22:39:07,821 - [143/1000] 14.3% - https://th-tool.by/shtok-klapana-k-stendu-shinomontazhnomu-pl-1236it/...
2026-03-04 22:39:20,597 - [144/1000] 14.4% - https://th-tool.by/konus-f36mm-dlya-stenda-balansirovochnogo/...
2026-03-04 22:39:33,310 - [145/1000] 14.5% - https://th-tool.by/adapter-balansirovochnyy-f36mm-dlya-diska-s-4-mya-o...
2026-03-04 22:39:46,041 - [146/1000] 14.6% - https://th-tool.by/datchik-polozheniya-k-stendu-balansirovochnomu-pl-1...
2026-03-04 22:39:58,768 - [147/1000] 14.7% - https://th-tool.by/bita-spline-m8kh30mm-10mm/...
2026-03-04 22:40:11,928 - [148/1000] 14.8% - https://th-tool.by/gayka-bystrozazhimnaya-k-stendu-balansirovochnomu-f...
2026-03-04 22:40:24,751 - [149/1000] 14.9% - https://th-tool.by/napravlyayushchaya-zashchitnaya-plastina-k-stendu-s...
2026-03-04 22:40:37,476 - [150/1000] 15.0% - https://th-tool.by/zazhimnoy-tsilindr-stola-k-stendu-shinomontazhnomu-...
2026-03-04 22:40:50,563 - 
--- Прогресс: 150/1000 | Успешно: 148 | Ошибки: 2 | Время: 32.5 мин ---

2026-03-04 22:40:50,563 - [151/1000] 15.1% - https://th-tool.by/blender-portativnyy-bezhevyy-chasha-340ml/...
2026-03-04 22:41:03,324 - [152/1000] 15.2% - https://th-tool.by/blender-portativnyy-goluboy-chasha-340ml/...
2026-03-04 22:41:16,169 - [153/1000] 15.3% - https://th-tool.by/manzheta-na-porshen-k-stendu-shinomontazhnomu-pl-12...
2026-03-04 22:41:28,866 - [154/1000] 15.4% - https://th-tool.by/otzhimnoy-porshen-tsilindra-k-stendu-shinomontazhno...
2026-03-04 22:41:41,713 - [155/1000] 15.5% - https://th-tool.by/napravlyayushchaya-shtanga-sterzhen-k-stendu-shinom...
2026-03-04 22:41:54,477 - [156/1000] 15.6% - https://th-tool.by/raspredelitel-k-stendu-shinomontazhnomu-pl-1236it/...
2026-03-04 22:42:07,219 - [157/1000] 15.7% - https://th-tool.by/napravlyayushchaya-k-stendu-shinomontazhnomu-pl-123...
2026-03-04 22:42:20,015 - [158/1000] 15.8% - https://th-tool.by/bita-spline-m10kh30mm-10mm/...
2026-03-04 22:42:33,150 - [159/1000] 15.9% - https://th-tool.by/semnik-trekhlapyy-perestavnoy-4-zakhvata-100mm-dlin...
2026-03-04 22:42:45,920 - [160/1000] 16.0% - https://th-tool.by/komplekt-paranitovykh-prokladok-4sht-k-t-k-kompress...
2026-03-04 22:42:58,650 - [161/1000] 16.1% - https://th-tool.by/displey-plastiny-k-stendu-balansirovochnomu-pl-1828...
2026-03-04 22:43:11,388 - [162/1000] 16.2% - https://th-tool.by/klaviatura-k-stendu-balansirovochnomu-pl-1828/...
2026-03-04 22:43:24,097 - [163/1000] 16.3% - https://th-tool.by/tablo-k-stendu-balansirovochnomu-pl-1828/...
2026-03-04 22:43:36,836 - [164/1000] 16.4% - https://th-tool.by/bita-spline-m12kh30mm-10mm/...
2026-03-04 22:43:49,927 - [165/1000] 16.5% - https://th-tool.by/kreplenie-platy-elektricheskiy-shchit-k-stendu-bala...
2026-03-04 22:44:02,670 - [166/1000] 16.6% - https://th-tool.by/obratnyy-klapan-k-kompressoru-serii-tb390/...
2026-03-04 22:44:15,396 - [167/1000] 16.7% - https://th-tool.by/datchik-davleniya-k-stendu-balansirovochnomu-pl-182...
2026-03-04 22:44:28,166 - [168/1000] 16.8% - https://th-tool.by/datchik-polozheniya-k-stendu-balansirovochnomu-pl-1...
2026-03-04 22:44:40,991 - [169/1000] 16.9% - https://th-tool.by/bortovoy-kompyuter-k-stendu-balansirovochnomu-pl-11...
2026-03-04 22:44:53,773 - [170/1000] 17.0% - https://th-tool.by/klaviatura-k-stendu-balansirovochnomu-pl-1152/...
2026-03-04 22:45:06,543 - [171/1000] 17.1% - https://th-tool.by/lineyka-klaviatura-k-stendu-balansirovochnomu-pl-18...
2026-03-04 22:45:19,273 - [172/1000] 17.2% - https://th-tool.by/sapun-k-kompressoru-serii-bm20-24/...
2026-03-04 22:45:32,028 - [173/1000] 17.3% - https://th-tool.by/bita-spline-m5kh75mml-10mm/...
2026-03-04 22:45:45,017 - [174/1000] 17.4% - https://th-tool.by/smotrovoe-okoshko-k-kompressoru-serii-tb265/...
2026-03-04 22:45:57,915 - [175/1000] 17.5% - https://th-tool.by/koleso-k-kompressoru-serii-tb290/...
2026-03-04 22:46:10,721 - [176/1000] 17.6% - https://th-tool.by/remen-privodnoy-k-kompressoru-serii-tb265/...
2026-03-04 22:46:23,643 - [177/1000] 17.7% - https://th-tool.by/komplekt-paranitovykh-prokladok-4sht-k-t-k-kompress...
2026-03-04 22:46:36,352 - [178/1000] 17.8% - https://th-tool.by/prokladka-k-kompressoru-serii-tb265/...
2026-03-04 22:46:49,052 - [179/1000] 17.9% - https://th-tool.by/komplekt-prokladok-k-kompressoru-serii-tb265/...
2026-03-04 22:47:01,764 - [180/1000] 18.0% - https://th-tool.by/soedinitel-uglovoy-k-kompressoru-serii-tb265/...
2026-03-04 22:47:14,698 - [181/1000] 18.1% - https://th-tool.by/razvetvitel-troynik-k-kompressoru-serii-tb365/...
2026-03-04 22:47:27,508 - [182/1000] 18.2% - https://th-tool.by/trubka-okhlazhdeniya-k-kompressoru-serii-tb265/...
2026-03-04 22:47:40,450 - [183/1000] 18.3% - https://th-tool.by/trubka-okhlazhdayushchaya-k-kompressoru-serii-tb290...
2026-03-04 22:47:53,183 - [184/1000] 18.4% - https://th-tool.by/bita-spline-m6kh75mm-10mm/...
2026-03-04 22:48:06,326 - [185/1000] 18.5% - https://th-tool.by/trubka-okhlazhdayushchaya-k-kompressoru-serii-tb365...
2026-03-04 22:48:19,092 - [186/1000] 18.6% - https://th-tool.by/trubka-okhlazhdayushchaya-k-kompressoru-serii-tb365...
2026-03-04 22:48:31,915 - [187/1000] 18.7% - https://th-tool.by/trubka-okhlazhdeniya-k-kompressoru-serii-tb390/...
2026-03-04 22:48:44,716 - [188/1000] 18.8% - https://th-tool.by/kryshka-kartera-k-kompressoru-serii-tb290/...
2026-03-04 22:48:57,510 - [189/1000] 18.9% - https://th-tool.by/vozdushnyy-raspredelitel-s-regulyatorom-k-kompresso...
2026-03-04 22:49:10,463 - [190/1000] 19.0% - https://th-tool.by/kozhukh-zashchitnyy-k-kompressoru-serii-bm20-24/...
2026-03-04 22:49:23,235 - [191/1000] 19.1% - https://th-tool.by/karter-shatunno-porshnevoy-gruppy-k-kompressoru-ser...
2026-03-04 22:49:35,988 - [192/1000] 19.2% - https://th-tool.by/kolenval-k-kompressoru-serii-tb365/...
2026-03-04 22:49:48,730 - [193/1000] 19.3% - https://th-tool.by/shatun-k-kompressoru-serii-tb290/...
2026-03-04 22:50:01,514 - [194/1000] 19.4% - https://th-tool.by/bita-spline-m8kh75mm-10mm/...
2026-03-04 22:50:14,685 - [195/1000] 19.5% - https://th-tool.by/shatun-k-kompressoru-serii-tb365/...
2026-03-04 22:50:27,452 - [196/1000] 19.6% - https://th-tool.by/vozdushnyy-filtr-k-kompressoru-serii-tb265/...
2026-03-04 22:50:40,209 - [197/1000] 19.7% - https://th-tool.by/klapannaya-plastina-k-kompressoru-serii-bm/...
2026-03-04 22:50:53,120 - [198/1000] 19.8% - https://th-tool.by/klapan-k-kompressoru-serii-tb265-k-t-2-sht/...
2026-03-04 22:51:05,849 - [199/1000] 19.9% - https://th-tool.by/shkiv-k-kompressoru-serii-tb265/...
2026-03-04 22:51:18,576 - [200/1000] 20.0% - https://th-tool.by/shkiv-k-kompressoru-serii-tb290/...
2026-03-04 22:51:31,357 - 
--- Прогресс: 200/1000 | Успешно: 198 | Ошибки: 2 | Время: 43.1 мин ---

2026-03-04 22:51:31,357 - [201/1000] 20.1% - https://th-tool.by/shkiv-k-kompressoru-serii-tb365/...
2026-03-04 22:51:44,099 - [202/1000] 20.2% - https://th-tool.by/bita-spline-m10kh75mm-10mm/...
2026-03-04 22:51:57,196 - [203/1000] 20.3% - https://th-tool.by/nabor-klyuchey-kombinirovannykh-10pr-6-8-10-12-13-1...
2026-03-04 22:52:10,059 - [204/1000] 20.4% - https://th-tool.by/nabor-klyuchey-kombinirovannykh-12pr-6-8-10-12-13-1...
2026-03-04 22:52:22,916 - [205/1000] 20.5% - https://th-tool.by/nabor-klyuchey-kombinirovannykh-12pr-6-14-17-19-22m...
2026-03-04 22:52:35,788 - [206/1000] 20.6% - https://th-tool.by/nabor-klyuchey-kombinirovannykh-14pr-10-12-19-21-24...
2026-03-04 22:52:48,659 - [207/1000] 20.7% - https://th-tool.by/nabor-klyuchey-kombinirovannykh-26pr-6-28-30-32mm-n...
2026-03-04 22:53:01,539 - [208/1000] 20.8% - https://th-tool.by/bita-spline-m12kh75mm-10mm/...
2026-03-04 22:53:14,656 - [209/1000] 20.9% - https://th-tool.by/klyuch-kombinirovannyy-8mm-v-prorezinennoy-opletke/...
2026-03-04 22:53:27,970 - [210/1000] 21.0% - https://th-tool.by/klyuch-kombinirovannyy-10mm-v-prorezinennoy-opletke...
2026-03-04 22:53:41,208 - [211/1000] 21.1% - https://th-tool.by/klyuch-kombinirovannyy-11mm-v-prorezinennoy-opletke...
2026-03-04 22:53:54,371 - [212/1000] 21.2% - https://th-tool.by/klyuch-kombinirovannyy-12mm-v-prorezinennoy-opletke...
2026-03-04 22:54:07,570 - [213/1000] 21.3% - https://th-tool.by/klyuch-kombinirovannyy-13mm-v-prorezinennoy-opletke...
2026-03-04 22:54:20,787 - [214/1000] 21.4% - https://th-tool.by/klyuch-kombinirovannyy-15mm-v-prorezinennoy-opletke...
2026-03-04 22:54:33,827 - [215/1000] 21.5% - https://th-tool.by/klyuch-kombinirovannyy-16mm-v-prorezinennoy-opletke...
2026-03-04 22:54:46,986 - [216/1000] 21.6% - https://th-tool.by/klyuch-kombinirovannyy-17mm-v-prorezinennoy-opletke...
2026-03-04 22:55:00,176 - [217/1000] 21.7% - https://th-tool.by/klyuch-kombinirovannyy-21mm-v-prorezinennoy-opletke...
2026-03-04 22:55:13,311 - [218/1000] 21.8% - https://th-tool.by/klyuch-kombinirovannyy-22mm-v-prorezinennoy-opletke...
2026-03-04 22:55:26,404 - [219/1000] 21.9% - https://th-tool.by/bita-6-grannaya-h10kh30mml-10mm/...
2026-03-04 22:55:39,427 - [220/1000] 22.0% - https://th-tool.by/nabor-klyuchey-nakidnykh-otognutykh-na-75grad-8pr-6...
2026-03-04 22:55:52,308 - [221/1000] 22.1% - https://th-tool.by/bita-6-grannaya-h12kh30mml-10mm/...
2026-03-04 22:56:05,281 - [222/1000] 22.2% - https://th-tool.by/bita-6-grannaya-h7kh75mm-10mm/...
2026-03-04 22:56:18,315 - [223/1000] 22.3% - https://th-tool.by/klyuch-balonnyy-krestovoy-14-17-19-21-1-2/...
2026-03-04 22:56:31,431 - [224/1000] 22.4% - https://th-tool.by/klyuch-balonnyy-g-obraznyy-19mm/...
2026-03-04 22:56:44,282 - [225/1000] 22.5% - https://th-tool.by/bita-torx-t20x30mm-10mm/...
2026-03-04 22:56:57,352 - [226/1000] 22.6% - https://th-tool.by/klyuch-balonnyy-g-obraznyy-21mm/...
2026-03-04 22:57:10,215 - [227/1000] 22.7% - https://th-tool.by/metchik-m9x1-25-3sht-v-plastikovom-futlyare/...
2026-03-04 22:57:23,025 - [228/1000] 22.8% - https://th-tool.by/klyuch-kombinirovannyy-23mm-v-prorezinennoy-opletke...
2026-03-04 22:57:36,060 - [229/1000] 22.9% - https://th-tool.by/klyuch-kombinirovannyy-24mm-v-prorezinennoy-opletke...
2026-03-04 22:57:49,028 - [230/1000] 23.0% - https://th-tool.by/klyuch-kombinirovannyy-25mm-v-prorezinennoy-opletke...
2026-03-04 22:58:02,136 - [231/1000] 23.1% - https://th-tool.by/metchik-m10x1-25-3sht-v-plastikovom-futlyare/...
2026-03-04 22:58:14,949 - [232/1000] 23.2% - https://th-tool.by/metchik-m10x1-5-3sht-v-plastikovom-futlyare/...
2026-03-04 22:58:27,793 - [233/1000] 23.3% - https://th-tool.by/klyuch-kombinirovannyy-26mm-v-prorezinennoy-opletke...
2026-03-04 22:58:40,983 - [234/1000] 23.4% - https://th-tool.by/metchik-m11x1-5-3sht-v-plastikovom-futlyare/...
2026-03-04 22:58:53,802 - [235/1000] 23.5% - https://th-tool.by/klyuch-kombinirovannyy-27mm-v-prorezinennoy-opletke...
2026-03-04 22:59:06,987 - [236/1000] 23.6% - https://th-tool.by/klyuch-kombinirovannyy-28mm-v-prorezinennoy-opletke...
2026-03-04 22:59:20,069 - [237/1000] 23.7% - https://th-tool.by/klyuch-kombinirovannyy-32mm-v-prorezinennoy-opletke...
2026-03-04 22:59:33,350 - [238/1000] 23.8% - https://th-tool.by/bita-torx-t25kh30mm-10mm/...
2026-03-04 22:59:46,416 - [239/1000] 23.9% - https://th-tool.by/nabor-klyuchey-nakidnykh-otognutykh-na-75grad-12pr-...
2026-03-04 22:59:59,143 - [240/1000] 24.0% - https://th-tool.by/bita-torx-t27kh30mm-10mm/...
2026-03-04 23:00:12,117 - [241/1000] 24.1% - https://th-tool.by/klyuch-nakidnoy-otognutyy-na-75grad-v-prorezinennoy...
2026-03-04 23:00:25,132 - [242/1000] 24.2% - https://th-tool.by/nabor-instrumentov-profi-27pr-1-2-6gr-8-32mm-v-meta...
2026-03-04 23:00:37,951 - [243/1000] 24.3% - https://th-tool.by/klyuch-nakidnoy-otognutyy-na-75grad-v-prorezinennoy...
2026-03-04 23:00:51,025 - [244/1000] 24.4% - https://th-tool.by/klyuch-nakidnoy-otognutyy-na-75grad-v-prorezinennoy...
2026-03-04 23:01:04,231 - [245/1000] 24.5% - https://th-tool.by/klyuch-nakidnoy-otognutyy-na-75grad-v-prorezinennoy...
2026-03-04 23:01:17,261 - [246/1000] 24.6% - https://th-tool.by/metchik-m12x1-5-3sht-v-plastikovom-futlyare/...
2026-03-04 23:01:30,143 - [247/1000] 24.7% - https://th-tool.by/nabor-klyuchey-kombinirovannykh-12pr-6-8-10-12-19-2...
2026-03-04 23:01:43,492 - [248/1000] 24.8% - https://th-tool.by/nabor-klyuchey-kombinirovannykh-12pr-6-14-17-19-22m...
2026-03-04 23:01:56,732 - [249/1000] 24.9% - https://th-tool.by/nabor-klyuchey-kombinirovannykh-16pr-6-19-22-24mm-n...
2026-03-04 23:02:09,910 - [250/1000] 25.0% - https://th-tool.by/metchik-m12x1-75-3sht-v-plastikovom-futlyare/...
2026-03-04 23:02:22,790 - 
--- Прогресс: 250/1000 | Успешно: 248 | Ошибки: 2 | Время: 54.0 мин ---

2026-03-04 23:02:22,790 - [251/1000] 25.1% - https://th-tool.by/bita-6-grannaya-ribe-m4kh75mml-10mm/...
2026-03-04 23:02:35,752 - [252/1000] 25.2% - https://th-tool.by/klyuch-nakidnoy-otognutyy-na-75grad-v-prorezinennoy...
2026-03-04 23:02:48,795 - [253/1000] 25.3% - https://th-tool.by/klyuch-nakidnoy-otognutyy-na-75grad-v-prorezinennoy...
2026-03-04 23:03:01,627 - [254/1000] 25.4% - https://th-tool.by/klyuch-nakidnoy-otognutyy-na-75grad-v-prorezinennoy...
2026-03-04 23:03:14,619 - [255/1000] 25.5% - https://th-tool.by/klyuch-nakidnoy-otognutyy-na-75grad-v-prorezinennoy...
2026-03-04 23:03:27,707 - [256/1000] 25.6% - https://th-tool.by/bita-6-grannaya-ribe-m5kh75mml-10mm/...
2026-03-04 23:03:40,559 - [257/1000] 25.7% - https://th-tool.by/klyuch-razreznoy-s-sharnirom-12mm-crv-yato/...
2026-03-04 23:03:53,300 - [258/1000] 25.8% - https://th-tool.by/klyuch-razreznoy-s-sharnirom-13mm-crv-yato/...
2026-03-04 23:04:05,976 - [259/1000] 25.9% - https://th-tool.by/klyuch-razreznoy-s-sharnirom-9mm-crv-yato/...
2026-03-04 23:04:18,724 - [260/1000] 26.0% - https://th-tool.by/nozhnitsy-po-metallu-levye-na-90-30kh225mm-crmo-hrc...
2026-03-04 23:04:31,448 - [261/1000] 26.1% - https://th-tool.by/nozhnitsy-po-metallu-pravye-na-90-30kh225mm-crmo-hr...
2026-03-04 23:04:44,427 - [262/1000] 26.2% - https://th-tool.by/filtr-s-reduktorom-smazochnyy-pribor-1-4-yato/...
2026-03-04 23:04:57,143 - [263/1000] 26.3% - https://th-tool.by/metchik-m14x1-5-3sht-v-plastikovom-futlyare/...
2026-03-04 23:05:09,997 - [264/1000] 26.4% - https://th-tool.by/metchik-m14x2-3sht-v-plastikovom-futlyare/...
2026-03-04 23:05:22,800 - [265/1000] 26.5% - https://th-tool.by/bita-torx-t55kh30mm-10mm/...
2026-03-04 23:05:35,906 - [266/1000] 26.6% - https://th-tool.by/metchik-1-8-27npt-dyuym-v-plastikovom-futlyare/...
2026-03-04 23:05:48,691 - [267/1000] 26.7% - https://th-tool.by/avtoaptechka-ark-g-dlya-remonta-pokryshek-i-kamer-s...
2026-03-04 23:06:01,448 - [268/1000] 26.8% - https://th-tool.by/metchik-1-4-18npt-dyuym-v-plastikovom-futlyare/...
2026-03-04 23:06:14,290 - [269/1000] 26.9% - https://th-tool.by/metchik-3-8-18npt-dyuym-v-plastikovom-futlyare/...
2026-03-04 23:06:27,127 - [270/1000] 27.0% - https://th-tool.by/metchik-1-2-14npt-dyuym-v-plastikovom-futlyare/...
2026-03-04 23:06:39,909 - [271/1000] 27.1% - https://th-tool.by/bita-torx-t20kh75mm-10mm_1/...
2026-03-04 23:06:52,984 - [272/1000] 27.2% - https://th-tool.by/plastyr-pr-25-115-125mm-3sl-kh-v/...
2026-03-04 23:07:05,899 - [273/1000] 27.3% - https://th-tool.by/plastyr-pr-86-kh-v-plastyr-rezinokordnyy-dlya-remon...
2026-03-04 23:07:18,707 - [274/1000] 27.4% - https://th-tool.by/bita-torx-t25kh75mm-10mm_1/...
2026-03-04 23:07:31,769 - [275/1000] 27.5% - https://th-tool.by/metchik-3-4-14npt-dyuym-v-plastikovom-futlyare/...
2026-03-04 23:07:44,523 - [276/1000] 27.6% - https://th-tool.by/bita-torx-t30kh75mm-10mm_1/...
2026-03-04 23:07:57,719 - [277/1000] 27.7% - https://th-tool.by/plastyr-pd-8-plastyr-diagon-ugol-mezhdu-sloyami-kor...
2026-03-04 23:08:10,442 - [278/1000] 27.8% - https://th-tool.by/plastyr-prm-25-plastyr-metallokordnyy-dlya-remonta-...
2026-03-04 23:08:23,162 - [279/1000] 27.9% - https://th-tool.by/plastyr-prm-44-plastyr-metallokordnyy-dlya-remonta-...
2026-03-04 23:08:35,891 - [280/1000] 28.0% - https://th-tool.by/plastyr-prm-45-plastyr-metallokordnyy-dlya-remonta-...
2026-03-04 23:08:48,668 - [281/1000] 28.1% - https://th-tool.by/plashka-m6x1-0-20mm-v-plastikovom-futlyare/...
2026-03-04 23:09:01,654 - [282/1000] 28.2% - https://th-tool.by/plashka-m7x1-0-25mm-v-plastikovom-futlyare/...
2026-03-04 23:09:14,720 - [283/1000] 28.3% - https://th-tool.by/bita-torx-t40kh75mm-10mm_1/...
2026-03-04 23:09:27,905 - [284/1000] 28.4% - https://th-tool.by/plashka-m8x1-25mm-v-plastikovom-futlyare/...
2026-03-04 23:09:40,627 - [285/1000] 28.5% - https://th-tool.by/plashka-m8x1-25-25mm-v-plastikovom-futlyare/...
2026-03-04 23:09:53,348 - [286/1000] 28.6% - https://th-tool.by/plashka-m9x1-0-25mm-v-plastikovom-futlyare/...
2026-03-04 23:10:06,347 - [287/1000] 28.7% - https://th-tool.by/plashka-m9x1-25-25mm-v-plastikovom-futlyare/...
2026-03-04 23:10:19,122 - [288/1000] 28.8% - https://th-tool.by/plashka-m10x1-25-30mm-v-plastikovom-futlyare/...
2026-03-04 23:10:31,924 - [289/1000] 28.9% - https://th-tool.by/pzp-1-prisposoblenie-dlya-zachistki-prokolov/...
2026-03-04 23:10:44,856 - [290/1000] 29.0% - https://th-tool.by/plashka-m10x1-5-30mm-v-plastikovom-futlyare/...
2026-03-04 23:10:57,905 - [291/1000] 29.1% - https://th-tool.by/plashka-m11x1-5-30mm-v-plastikovom-futlyare/...
2026-03-04 23:11:10,934 - [292/1000] 29.2% - https://th-tool.by/bita-torx-t45kh75mm-10mm_1/...
2026-03-04 23:11:24,056 - [293/1000] 29.3% - https://th-tool.by/plashka-m12x1-5-38mm-v-plastikovom-futlyare/...
2026-03-04 23:11:36,812 - [294/1000] 29.4% - https://th-tool.by/plashka-m12x1-75-38mm-v-plastikovom-futlyare/...
2026-03-04 23:11:49,562 - [295/1000] 29.5% - https://th-tool.by/plashka-m14x1-5-38mm-v-plastikovom-futlyare/...
2026-03-04 23:12:02,572 - [296/1000] 29.6% - https://th-tool.by/nabor-metchik-i-plashek110pr-2kh0-4-3kh0-5-4kh0-7-5...
2026-03-04 23:12:15,883 - [297/1000] 29.7% - https://th-tool.by/nabor-metchikov-metricheskiy-10pr-m6kh1-m7kh1-m8kh1...
2026-03-04 23:12:29,101 - [298/1000] 29.8% - https://th-tool.by/nabor-metchikov-i-plashek-metricheskiy-20pr-m3kh0-5...
2026-03-04 23:12:42,250 - [299/1000] 29.9% - https://th-tool.by/nabor-metchikov-i-plashek-metricheskiy-24pr-m5kh0-8...
2026-03-04 23:12:55,408 - [300/1000] 30.0% - https://th-tool.by/nabor-metchikov-i-plashek-dyuymovyy-24pr-1-4-5-16-3...
2026-03-04 23:13:08,485 - 
--- Прогресс: 300/1000 | Успешно: 298 | Ошибки: 2 | Время: 64.8 мин ---

2026-03-04 23:13:08,485 - [301/1000] 30.1% - https://th-tool.by/nabor-metchikov-i-plashek-metricheskiy-40pr-m3kh0-5...
2026-03-04 23:13:21,765 - [302/1000] 30.2% - https://th-tool.by/bita-torx-t70kh50mm-14mm/...
2026-03-04 23:13:34,802 - [303/1000] 30.3% - https://th-tool.by/nabor-metchikov-i-plashek-metricheskiy-58pr-m3kh0-5...
2026-03-04 23:13:47,617 - [304/1000] 30.4% - https://th-tool.by/nabor-metchikov-i-plashek-metricheskiy-i-dyuymovyy-...
2026-03-04 23:14:00,461 - [305/1000] 30.5% - https://th-tool.by/gruzik-standart-55-gr-50-sht/...
2026-03-04 23:14:13,260 - [306/1000] 30.6% - https://th-tool.by/gruzik-standart-60-gr-50-sht/...
2026-03-04 23:14:26,043 - [307/1000] 30.7% - https://th-tool.by/nabor-metchikov-i-plashek-metricheskiy-16pr-m3kh0-5...
2026-03-04 23:14:39,135 - [308/1000] 30.8% - https://th-tool.by/plashkoderzhatel-38kh14mm/...
2026-03-04 23:14:52,130 - [309/1000] 30.9% - https://th-tool.by/metchikoderzhatel-1-m1-10/...
2026-03-04 23:15:04,948 - [310/1000] 31.0% - https://th-tool.by/podshipnik/...
2026-03-04 23:15:17,687 - [311/1000] 31.1% - https://th-tool.by/bita-torx-t70kh75mm-14mm/...
2026-03-04 23:15:30,758 - [312/1000] 31.2% - https://th-tool.by/podshipnik_1/...
2026-03-04 23:15:43,539 - [313/1000] 31.3% - https://th-tool.by/podshipnik_2/...
2026-03-04 23:15:56,358 - [314/1000] 31.4% - https://th-tool.by/podshipnik_3/...
2026-03-04 23:16:09,159 - [315/1000] 31.5% - https://th-tool.by/bita-torx-t50kh75mm-10mm_1/...
2026-03-04 23:16:22,273 - [316/1000] 31.6% - https://th-tool.by/passatizhi-perestavnye-250mm/...
2026-03-04 23:16:35,157 - [317/1000] 31.7% - https://th-tool.by/korpus-udarnogo-mekhanizmya-k-pnevmogaykovertu-nc-4...
2026-03-04 23:16:47,894 - [318/1000] 31.8% - https://th-tool.by/bita-torx-t55kh75mm-10mm_1/...
2026-03-04 23:17:01,007 - [319/1000] 31.9% - https://th-tool.by/vtulka-vala/...
2026-03-04 23:17:13,817 - [320/1000] 32.0% - https://th-tool.by/nadstavka-na-lapu-podemnika-pl-4-140mm/...
2026-03-04 23:17:26,657 - [321/1000] 32.1% - https://th-tool.by/val/...
2026-03-04 23:17:39,438 - [322/1000] 32.2% - https://th-tool.by/korpus-udarnogo-mekhanizma-k-pnevmogaykovertu-rt-52...
2026-03-04 23:17:52,212 - [323/1000] 32.3% - https://th-tool.by/udarnaya-chast-molotok-k-pnevmogaykovertu-rt-5268/...
2026-03-04 23:18:04,985 - [324/1000] 32.4% - https://th-tool.by/hammer-frame-rear-washer/...
2026-03-04 23:18:17,741 - [325/1000] 32.5% - https://th-tool.by/udarnyy-mekhanizm-k-pnevmogaykovertu-nc-4233-2sht-k...
2026-03-04 23:18:30,511 - [326/1000] 32.6% - https://th-tool.by/perednyaya-plastina/...
2026-03-04 23:18:43,303 - [327/1000] 32.7% - https://th-tool.by/tsilindr-k-pnevmogaykovertu-rt-5268/...
2026-03-04 23:18:56,113 - [328/1000] 32.8% - https://th-tool.by/rotor/...
2026-03-04 23:19:08,873 - [329/1000] 32.9% - https://th-tool.by/bita-spline-m5kh75mml-10mm_1/...
2026-03-04 23:19:21,996 - [330/1000] 33.0% - https://th-tool.by/vtulka-klapana-k-pnevmogaykovertu-nc-4236/...
2026-03-04 23:19:34,766 - [331/1000] 33.1% - https://th-tool.by/plastina-zadnyaya-k-pnevmogaykovertu-rt-5268/...
2026-03-04 23:19:47,515 - [332/1000] 33.2% - https://th-tool.by/gayka-pod-shtutser-k-pnevmogaykovertu-nc-4236/...
2026-03-04 23:20:00,320 - [333/1000] 33.3% - https://th-tool.by/pruzhina-stopornaya-k-pnevmogaykovertu-rt-5268/...
2026-03-04 23:20:13,091 - [334/1000] 33.4% - https://th-tool.by/sharik-stopornyy-k-pnevmogaykovertu-rt-5268/...
2026-03-04 23:20:25,949 - [335/1000] 33.5% - https://th-tool.by/shayba-stopornaya-k-pnevmogaykovertu-rt-5268/...
2026-03-04 23:20:38,886 - [336/1000] 33.6% - https://th-tool.by/vint-krepleniya-klapana/...
2026-03-04 23:20:51,682 - [337/1000] 33.7% - https://th-tool.by/korpus-k-pnevmogaygovertu-nc-4250qa/...
2026-03-04 23:21:04,469 - [338/1000] 33.8% - https://th-tool.by/vtulka-klapana-k-pnevmogaygovertu-nc-4250qa/...
2026-03-04 23:21:17,241 - [339/1000] 33.9% - https://th-tool.by/klapan-k-pnevmogaygovertu-nc-4250qa/...
2026-03-04 23:21:30,073 - [340/1000] 34.0% - https://th-tool.by/gayka-pod-shtutser/...
2026-03-04 23:21:42,816 - [341/1000] 34.1% - https://th-tool.by/prokladka/...
2026-03-04 23:21:55,612 - [342/1000] 34.2% - https://th-tool.by/vtulka-vala_1/...
2026-03-04 23:22:08,426 - [343/1000] 34.3% - https://th-tool.by/val-k-pnevmogaykovertu-rt-5270/...
2026-03-04 23:22:21,232 - [344/1000] 34.4% - https://th-tool.by/molotok/...
2026-03-04 23:22:34,013 - [345/1000] 34.5% - https://th-tool.by/korpus-molotka/...
2026-03-04 23:22:46,769 - [346/1000] 34.6% - https://th-tool.by/podshipnik-6002/...
2026-03-04 23:22:59,512 - [347/1000] 34.7% - https://th-tool.by/perednyaya-plastina_1/...
2026-03-04 23:23:12,264 - [348/1000] 34.8% - https://th-tool.by/rotor_1/...
2026-03-04 23:23:25,097 - [349/1000] 34.9% - https://th-tool.by/pruzhina-k-pnevmogaygovertu-nc-4250qa/...
2026-03-04 23:23:37,831 - [350/1000] 35.0% - https://th-tool.by/tsilindr-k-pnevmogaykovertu-rt-5270/...
2026-03-04 23:23:50,631 - 
--- Прогресс: 350/1000 | Успешно: 348 | Ошибки: 2 | Время: 75.5 мин ---

2026-03-04 23:23:50,631 - [351/1000] 35.1% - https://th-tool.by/zadnyaya-plastina/...
2026-03-04 23:24:03,373 - [352/1000] 35.2% - https://th-tool.by/podshipnik-6001/...
2026-03-04 23:24:16,513 - [353/1000] 35.3% - https://th-tool.by/vtulka-klapana/...
2026-03-04 23:24:29,264 - [354/1000] 35.4% - https://th-tool.by/prokladka-klapana/...
2026-03-04 23:24:42,070 - [355/1000] 35.5% - https://th-tool.by/vkhodnoy-klapan/...
2026-03-04 23:24:54,822 - [356/1000] 35.6% - https://th-tool.by/pruzhina-k-pnevmogaykovertu-rt-5270/...
2026-03-04 23:25:07,563 - [357/1000] 35.7% - https://th-tool.by/vtulka-podachi-vozdukha/...
2026-03-04 23:25:20,363 - [358/1000] 35.8% - https://th-tool.by/pereklyuchatel-reversa-k-pnevmogaykovertu-rt-5270/...
2026-03-04 23:25:33,097 - [359/1000] 35.9% - https://th-tool.by/pereklyuchatel/...
2026-03-04 23:25:45,801 - [360/1000] 36.0% - https://th-tool.by/zadnyaya-kryshka/...
2026-03-04 23:25:58,548 - [361/1000] 36.1% - https://th-tool.by/prokladka-k-pnevmogaykovertu-rt-5270/...
2026-03-04 23:26:11,306 - [362/1000] 36.2% - https://th-tool.by/prokladka_1/...
2026-03-04 23:26:24,072 - [363/1000] 36.3% - https://th-tool.by/perednyaya-plastina_2/...
2026-03-04 23:26:36,901 - [364/1000] 36.4% - https://th-tool.by/rotor_2/...
2026-03-04 23:26:49,590 - [365/1000] 36.5% - https://th-tool.by/gayka-pod-shtutser-k-pnevmogaygovertu-nc-4250qa/...
2026-03-04 23:27:02,378 - [366/1000] 36.6% - https://th-tool.by/tsilindr-k-pnevmogaykovertu-rt-5271/...
2026-03-04 23:27:15,114 - [367/1000] 36.7% - https://th-tool.by/zadnyaya-plastina_1/...
2026-03-04 23:27:27,833 - [368/1000] 36.8% - https://th-tool.by/vtulka-podachi-vozdukha_1/...
2026-03-04 23:27:40,555 - [369/1000] 36.9% - https://th-tool.by/korpus-molotkov-k-pnevmogaygovertu-nc-4250qa/...
2026-03-04 23:27:53,579 - [370/1000] 37.0% - https://th-tool.by/pereklyuchatel_1/...
2026-03-04 23:28:06,283 - [371/1000] 37.1% - https://th-tool.by/zadnyaya-kryshka_1/...
2026-03-04 23:28:19,007 - [372/1000] 37.2% - https://th-tool.by/prokladka_2/...
2026-03-04 23:28:31,781 - [373/1000] 37.3% - https://th-tool.by/klyuch-kombinirovannyy-treshchotochnyy-8mm/...
2026-03-04 23:28:45,019 - [374/1000] 37.4% - https://th-tool.by/klyuch-kombinirovannyy-treshchotochnyy-10mm/...
2026-03-04 23:28:58,144 - [375/1000] 37.5% - https://th-tool.by/klyuch-kombinirovannyy-treshchotochnyy-12mm/...
2026-03-04 23:29:10,998 - [376/1000] 37.6% - https://th-tool.by/klyuch-kombinirovannyy-treshchotochnyy-13mm/...
2026-03-04 23:29:24,259 - [377/1000] 37.7% - https://th-tool.by/klyuch-kombinirovannyy-treshchotochnyy-14mm/...
2026-03-04 23:29:37,251 - [378/1000] 37.8% - https://th-tool.by/klyuch-kombinirovannyy-treshchotochnyy-15mm/...
2026-03-04 23:29:50,099 - [379/1000] 37.9% - https://th-tool.by/klyuch-kombinirovannyy-treshchotochnyy-16mm/...
2026-03-04 23:30:02,965 - [380/1000] 38.0% - https://th-tool.by/klyuch-kombinirovannyy-treshchotochnyy-17mm/...
2026-03-04 23:30:16,136 - [381/1000] 38.1% - https://th-tool.by/klyuch-kombinirovannyy-treshchotochnyy-18mm/...
2026-03-04 23:30:28,923 - [382/1000] 38.2% - https://th-tool.by/plastina-perednyaya-k-pnevmogaygovertu-nc-4250qa/...
2026-03-04 23:30:41,664 - [383/1000] 38.3% - https://th-tool.by/klyuch-kombinirovannyy-treshchotochnyy-19mm/...
2026-03-04 23:30:54,831 - [384/1000] 38.4% - https://th-tool.by/klyuch-kombinirovannyy-treshchotochnyy-22mm/...
2026-03-04 23:31:07,695 - [385/1000] 38.5% - https://th-tool.by/nabor-klyuchey-kombinirovannykh-treshchotochnykh-7p...
2026-03-04 23:31:20,973 - [386/1000] 38.6% - https://th-tool.by/otvertka-so-smennymi-nasadkami-4pr-ph00-ph0-ph1-sl-...
2026-03-04 23:31:33,923 - [387/1000] 38.7% - https://th-tool.by/bita-12-luchevaya-spline-m6kh75mm-10mm/...
2026-03-04 23:31:46,931 - [388/1000] 38.8% - https://th-tool.by/nabor-instrumentov-123pr-v-keyse/...
2026-03-04 23:31:59,743 - [389/1000] 38.9% - https://th-tool.by/rotor-k-pnevmogaygovertu-nc-4250qa/...
2026-03-04 23:32:12,497 - [390/1000] 39.0% - https://th-tool.by/tsilindr-k-pnevmogaygovertu-nc-4250qa/...
2026-03-04 23:32:25,236 - [391/1000] 39.1% - https://th-tool.by/prokladka-k-pnevmogaygovertu-nc-4250qa/...
2026-03-04 23:32:38,070 - [392/1000] 39.2% - https://th-tool.by/kryshka-zadnyaya-k-pnevmogaygovertu-nc-4250qa/...
2026-03-04 23:32:50,867 - [393/1000] 39.3% - https://th-tool.by/klapan-reversa-k-pnevmogaygovertu-nc-4250qa/...
2026-03-04 23:33:03,593 - [394/1000] 39.4% - https://th-tool.by/korpus-udarnogo-mekhanizma-k-pnevmogaygovertu-nc-42...
2026-03-04 23:33:16,331 - [395/1000] 39.5% - https://th-tool.by/val-1-2-k-pnevmogaygovertu-nc-4250qa/...
2026-03-04 23:33:29,056 - [396/1000] 39.6% - https://th-tool.by/molotok-2sht-k-pnevmogaygovertu-nc-4250qa/...
2026-03-04 23:33:41,765 - [397/1000] 39.7% - https://th-tool.by/lopasti-6sht-k-pnevmogaygovertu-nc-4250qa/...
2026-03-04 23:33:54,557 - [398/1000] 39.8% - https://th-tool.by/prokladka-k-pnevmogaykovertu-nc-8382/...
2026-03-04 23:34:07,368 - [399/1000] 39.9% - https://th-tool.by/klapan-reversa-k-pnevmogaykovertu-nc-8382/...
2026-03-04 23:34:20,170 - [400/1000] 40.0% - https://th-tool.by/koltso-rezinovoe-k-pnevmogaykovertu-nc-8382/...
2026-03-04 23:34:32,980 - 
--- Прогресс: 400/1000 | Успешно: 398 | Ошибки: 2 | Время: 86.2 мин ---

2026-03-04 23:34:32,980 - [401/1000] 40.1% - https://th-tool.by/regulyator-vozdushnyy-k-pnevmogaykovertu-nc-8382/...
2026-03-04 23:34:45,731 - [402/1000] 40.2% - https://th-tool.by/shtok-klapana-k-pnevmogaykovertu-nc-8382/...
2026-03-04 23:34:58,486 - [403/1000] 40.3% - https://th-tool.by/vtulka-klapana-k-pnevmogaykovertu-nc-8382/...
2026-03-04 23:35:11,281 - [404/1000] 40.4% - https://th-tool.by/knopka-k-pnevmogaykovertu-nc-8382/...
2026-03-04 23:35:24,055 - [405/1000] 40.5% - https://th-tool.by/opravka-rezbovaya-m6-k-pnevmogidravlicheskomu-zakle...
2026-03-04 23:35:36,837 - [406/1000] 40.6% - https://th-tool.by/lopasti-4sht-k-pnevmootreznoy-mashinke-qb-117/...
2026-03-04 23:35:49,588 - [407/1000] 40.7% - https://th-tool.by/bita-12-luchevaya-spline-m8kh75mm-10mm/...
2026-03-04 23:36:02,805 - [408/1000] 40.8% - https://th-tool.by/korpus-udarnyy-mekhanizm/...
2026-03-04 23:36:15,603 - [409/1000] 40.9% - https://th-tool.by/val_1/...
2026-03-04 23:36:28,413 - [410/1000] 41.0% - https://th-tool.by/molotok_1/...
2026-03-04 23:36:41,149 - [411/1000] 41.1% - https://th-tool.by/korpus-molotkov/...
2026-03-04 23:36:53,950 - [412/1000] 41.2% - https://th-tool.by/shpilka-k-pnevmogaykovertu-rt-5560/...
2026-03-04 23:37:06,694 - [413/1000] 41.3% - https://th-tool.by/metallicheskaya-prokladka/...
2026-03-04 23:37:19,585 - [414/1000] 41.4% - https://th-tool.by/perednyaya-plastina_3/...
2026-03-04 23:37:32,411 - [415/1000] 41.5% - https://th-tool.by/lopasti-k-pnevmogaykovertu-rt-5560/...
2026-03-04 23:37:45,364 - [416/1000] 41.6% - https://th-tool.by/rotor_3/...
2026-03-04 23:37:58,092 - [417/1000] 41.7% - https://th-tool.by/pnevmoshlifovalnaya-mashinka-dlya-snyatiya-kleya-4-...
2026-03-04 23:38:10,824 - [418/1000] 41.8% - https://th-tool.by/tsilindr/...
2026-03-04 23:38:23,592 - [419/1000] 41.9% - https://th-tool.by/zadnyaya-plastina_2/...
2026-03-04 23:38:36,368 - [420/1000] 42.0% - https://th-tool.by/prokladka_3/...
2026-03-04 23:38:49,172 - [421/1000] 42.1% - https://th-tool.by/vtulka-vozdushnogo-klapana/...
2026-03-04 23:39:01,969 - [422/1000] 42.2% - https://th-tool.by/vozdushnyy-klapan/...
2026-03-04 23:39:14,742 - [423/1000] 42.3% - https://th-tool.by/pruzhina/...
2026-03-04 23:39:27,462 - [424/1000] 42.4% - https://th-tool.by/vtulka-podachi-vozdukha_2/...
2026-03-04 23:39:40,200 - [425/1000] 42.5% - https://th-tool.by/klapan-podachi-vozdukha/...
2026-03-04 23:39:52,997 - [426/1000] 42.6% - https://th-tool.by/pereklyuchatel_2/...
2026-03-04 23:40:05,778 - [427/1000] 42.7% - https://th-tool.by/zadnyaya-kryshka_2/...
2026-03-04 23:40:18,554 - [428/1000] 42.8% - https://th-tool.by/prokladka_4/...
2026-03-04 23:40:31,352 - [429/1000] 42.9% - https://th-tool.by/korpus-udarnogo-mekhanizma/...
2026-03-04 23:40:44,059 - [430/1000] 43.0% - https://th-tool.by/prokladka_5/...
2026-03-04 23:40:56,994 - [431/1000] 43.1% - https://th-tool.by/vtulka-vala_2/...
2026-03-04 23:41:09,673 - [432/1000] 43.2% - https://th-tool.by/val-k-pnevmogaykovertu-rt-5562/...
2026-03-04 23:41:22,405 - [433/1000] 43.3% - https://th-tool.by/shesterni-komplekt-k-pnevmootreznoy-mashinke-qb-135...
2026-03-04 23:41:35,158 - [434/1000] 43.4% - https://th-tool.by/lopasti-k-pnevmootreznoy-mashinke-qb-135/...
2026-03-04 23:41:47,880 - [435/1000] 43.5% - https://th-tool.by/shpilka-molotka/...
2026-03-04 23:42:00,614 - [436/1000] 43.6% - https://th-tool.by/metallicheskaya-prokladka_1/...
2026-03-04 23:42:13,670 - [437/1000] 43.7% - https://th-tool.by/perednyaya-plastina_4/...
2026-03-04 23:42:26,485 - [438/1000] 43.8% - https://th-tool.by/bita-12-luchevaya-spline-m10kh75mm-10mm/...
2026-03-04 23:42:39,640 - [439/1000] 43.9% - https://th-tool.by/lopasti-k-pnevmogaykovertu-rt-5562/...
2026-03-04 23:42:52,511 - [440/1000] 44.0% - https://th-tool.by/rotor_4/...
2026-03-04 23:43:05,277 - [441/1000] 44.1% - https://th-tool.by/shpilka-k-pnevmogaykovertu-rt-5562/...
2026-03-04 23:43:18,204 - [442/1000] 44.2% - https://th-tool.by/tsilindr-k-pnevmogaykovertu-rt-5562/...
2026-03-04 23:43:30,974 - [443/1000] 44.3% - https://th-tool.by/zadnyaya-plastina_3/...
2026-03-04 23:43:43,709 - [444/1000] 44.4% - https://th-tool.by/korpus-k-pnevmogaykovertu-rt-5562/...
2026-03-04 23:43:56,628 - [445/1000] 44.5% - https://th-tool.by/knopka-k-pnevmogaykovertu-rt-5562/...
2026-03-04 23:44:09,416 - [446/1000] 44.6% - https://th-tool.by/pereklyuchatel-reversa-k-pnevmogaykovertu-rt-5562/...
2026-03-04 23:44:22,175 - [447/1000] 44.7% - https://th-tool.by/prokladka-k-pnevmogaykovertu-rt-5562/...
2026-03-04 23:44:35,144 - [448/1000] 44.8% - https://th-tool.by/zadnyaya-kryshka_3/...
2026-03-04 23:44:47,870 - [449/1000] 44.9% - https://th-tool.by/korpus-udarnogo-mekhanizma_1/...
2026-03-04 23:45:00,632 - [450/1000] 45.0% - https://th-tool.by/prokladka_6/...
2026-03-04 23:45:13,343 - 
--- Прогресс: 450/1000 | Успешно: 448 | Ошибки: 2 | Время: 96.8 мин ---

2026-03-04 23:45:13,343 - [451/1000] 45.1% - https://th-tool.by/uplotnitelnoe-koltso/...
2026-03-04 23:45:26,170 - [452/1000] 45.2% - https://th-tool.by/vtulka-vala_3/...
2026-03-04 23:45:38,901 - [453/1000] 45.3% - https://th-tool.by/val-k-pnevmogaykovertu-rt-5665/...
2026-03-04 23:45:51,648 - [454/1000] 45.4% - https://th-tool.by/vtulka-udarnogo-korpusa/...
2026-03-04 23:46:04,364 - [455/1000] 45.5% - https://th-tool.by/udarnaya-chast-molotok-k-pnevmogaykovertu-rt-5665/...
2026-03-04 23:46:17,101 - [456/1000] 45.6% - https://th-tool.by/kulak-udarnogo-mekhanizma-k-pnevmogaykovertu-rt-566...
2026-03-04 23:46:29,862 - [457/1000] 45.7% - https://th-tool.by/korpus-molotka_1/...
2026-03-04 23:46:42,632 - [458/1000] 45.8% - https://th-tool.by/korpus/...
2026-03-04 23:46:55,433 - [459/1000] 45.9% - https://th-tool.by/perednyaya-plastina_5/...
2026-03-04 23:47:08,200 - [460/1000] 46.0% - https://th-tool.by/lopasti-k-pnevmootreznoy-mashinke-uglovoy-mini-qc-2...
2026-03-04 23:47:20,934 - [461/1000] 46.1% - https://th-tool.by/rotor_5/...
2026-03-04 23:47:33,661 - [462/1000] 46.2% - https://th-tool.by/tsilindr_1/...
2026-03-04 23:47:46,381 - [463/1000] 46.3% - https://th-tool.by/zadnyaya-plastina_4/...
2026-03-04 23:47:59,082 - [464/1000] 46.4% - https://th-tool.by/prokladka-zadnyaya-k-pnevmogaykovertu-rt-5665/...
2026-03-04 23:48:11,777 - [465/1000] 46.5% - https://th-tool.by/ruchka-k-pnevmogaykovertu-rt-5665/...
2026-03-04 23:48:24,521 - [466/1000] 46.6% - https://th-tool.by/bolt/...
2026-03-04 23:48:37,331 - [467/1000] 46.7% - https://th-tool.by/zazhimy-k-prisposobleniyu-dlya-zameny-pylnika-shrus...
2026-03-04 23:48:50,111 - [468/1000] 46.8% - https://th-tool.by/ruchka/...
2026-03-04 23:49:02,876 - [469/1000] 46.9% - https://th-tool.by/bita-torx-t70kh75mml-14mm/...
2026-03-04 23:49:15,986 - [470/1000] 47.0% - https://th-tool.by/bolt_1/...
2026-03-04 23:49:28,799 - [471/1000] 47.1% - https://th-tool.by/drossel-vozdushnyy-k-pnevmoshpritsu-sg-400/...
2026-03-04 23:49:41,574 - [472/1000] 47.2% - https://th-tool.by/vtulka-vala_4/...
2026-03-04 23:49:54,313 - [473/1000] 47.3% - https://th-tool.by/pruzhinnyy-zamok/...
2026-03-04 23:50:07,058 - [474/1000] 47.4% - https://th-tool.by/uplotnitelnoe-koltso_1/...
2026-03-04 23:50:19,808 - [475/1000] 47.5% - https://th-tool.by/val-k-pnevmogaykovertu-rt-5770/...
2026-03-04 23:50:32,596 - [476/1000] 47.6% - https://th-tool.by/molotok_2/...
2026-03-04 23:50:45,360 - [477/1000] 47.7% - https://th-tool.by/kulak-udarnogo-mekhanizma-k-pnevmogaykovertu-rt-577...
2026-03-04 23:50:58,065 - [478/1000] 47.8% - https://th-tool.by/korpus-molotka_2/...
2026-03-04 23:51:10,757 - [479/1000] 47.9% - https://th-tool.by/prokladka-k-pnevmostepleru-sj-1850f/...
2026-03-04 23:51:23,562 - [480/1000] 48.0% - https://th-tool.by/korpus_1/...
2026-03-04 23:51:36,283 - [481/1000] 48.1% - https://th-tool.by/klapan-porshnya-k-pnevmostepleru-sj-1850f/...
2026-03-04 23:51:49,054 - [482/1000] 48.2% - https://th-tool.by/perednyaya-plastina_6/...
2026-03-04 23:52:01,770 - [483/1000] 48.3% - https://th-tool.by/rotor-v-pnevmogaykovertu-rt-5770/...
2026-03-04 23:52:14,562 - [484/1000] 48.4% - https://th-tool.by/tsilindr_2/...
2026-03-04 23:52:27,309 - [485/1000] 48.5% - https://th-tool.by/igolchatyy-klapan/...
2026-03-04 23:52:40,032 - [486/1000] 48.6% - https://th-tool.by/korpus-udarnyy-mekhanizm_1/...
2026-03-04 23:52:52,721 - [487/1000] 48.7% - https://th-tool.by/prokladka_7/...
2026-03-04 23:53:05,457 - [488/1000] 48.8% - https://th-tool.by/tsilindr-k-pnevmostepleru-sj-1850f/...
2026-03-04 23:53:18,203 - [489/1000] 48.9% - https://th-tool.by/val-k-pnevmogaykovertu-rt-5990/...
2026-03-04 23:53:30,949 - [490/1000] 49.0% - https://th-tool.by/vtulka-udarnogo-korpusa_1/...
2026-03-04 23:53:43,704 - [491/1000] 49.1% - https://th-tool.by/koltso-rezinovoe-k-pnevmostepleru-sj-1850f/...
2026-03-04 23:53:56,539 - [492/1000] 49.2% - https://th-tool.by/kulak/...
2026-03-04 23:54:09,289 - [493/1000] 49.3% - https://th-tool.by/korpus-molotka_3/...
2026-03-04 23:54:22,060 - [494/1000] 49.4% - https://th-tool.by/koltso-rezinovoe-tsilindra-k-pnevmostepleru-sj-1850...
2026-03-04 23:54:34,805 - [495/1000] 49.5% - https://th-tool.by/perednyaya-plastina_7/...
2026-03-04 23:54:47,607 - [496/1000] 49.6% - https://th-tool.by/soplo-k-pnevmostepleru-sj-1850f/...
2026-03-04 23:55:00,377 - [497/1000] 49.7% - https://th-tool.by/rotor_6/...
2026-03-04 23:55:13,233 - [498/1000] 49.8% - https://th-tool.by/tsilindr-k-pnevmogaykovertu-rt-5990/...
2026-03-04 23:55:26,039 - [499/1000] 49.9% - https://th-tool.by/zadnyaya-plastina_5/...
2026-03-04 23:55:38,796 - [500/1000] 50.0% - https://th-tool.by/prokladka-zadnyaya-k-pnevmogaykovertu-rt-5990/...
2026-03-04 23:55:51,554 - 
--- Прогресс: 500/1000 | Успешно: 498 | Ошибки: 2 | Время: 107.5 мин ---

2026-03-04 23:55:51,554 - [501/1000] 50.1% - https://th-tool.by/koltso-rezinovoe-k-pnevmostepleru-sj-1850f_1/...
2026-03-04 23:56:04,303 - [502/1000] 50.2% - https://th-tool.by/vtulka-podachi-vozdukha_3/...
2026-03-04 23:56:17,013 - [503/1000] 50.3% - https://th-tool.by/klapan/...
2026-03-04 23:56:29,768 - [504/1000] 50.4% - https://th-tool.by/korpus-udarnyy-mekhanizm_2/...
2026-03-04 23:56:42,564 - [505/1000] 50.5% - https://th-tool.by/shplint-k-pnevmogaykovertu-rt-5660/...
2026-03-04 23:56:55,342 - [506/1000] 50.6% - https://th-tool.by/koltso-rezinovoe-k-pnevmogaykovertu-rt-5660/...
2026-03-04 23:57:08,129 - [507/1000] 50.7% - https://th-tool.by/koltso-rezinovoe-k-pnevmostepleru-sj-1850f_2/...
2026-03-04 23:57:20,935 - [508/1000] 50.8% - https://th-tool.by/korpus-molotka-k-pnevmogaykoverta-rt-5660/...
2026-03-04 23:57:33,683 - [509/1000] 50.9% - https://th-tool.by/korpus_2/...
2026-03-04 23:57:46,619 - [510/1000] 51.0% - https://th-tool.by/semnik-stopornykh-kolets-gnutyy-na-szhim-90-l-175mm...
2026-03-04 23:57:59,874 - [511/1000] 51.1% - https://th-tool.by/vtulka-klapana-k-pnevmostepleru-sj-1850f/...
2026-03-04 23:58:12,688 - [512/1000] 51.2% - https://th-tool.by/perednyaya-plastina_8/...
2026-03-04 23:58:25,511 - [513/1000] 51.3% - https://th-tool.by/shplint/...
2026-03-04 23:58:38,305 - [514/1000] 51.4% - https://th-tool.by/rotor_7/...
2026-03-04 23:58:51,153 - [515/1000] 51.5% - https://th-tool.by/zadnyaya-plastina_6/...
2026-03-04 23:59:03,917 - [516/1000] 51.6% - https://th-tool.by/shplint_1/...
2026-03-04 23:59:16,671 - [517/1000] 51.7% - https://th-tool.by/prokladka_8/...
2026-03-04 23:59:29,386 - [518/1000] 51.8% - https://th-tool.by/zadnyaya-kryshka_4/...
2026-03-04 23:59:42,103 - [519/1000] 51.9% - https://th-tool.by/bolt_2/...
2026-03-04 23:59:54,855 - [520/1000] 52.0% - https://th-tool.by/lopasti-k-pnevmogaykovertu-rt-5660/...
2026-03-05 00:00:13,022 - [521/1000] 52.1% - https://th-tool.by/semnik-stopornykh-kolets-pryamoy-na-szhim-l-150mm-v...
2026-03-05 00:00:26,272 - [522/1000] 52.2% - https://th-tool.by/shplint_2/...
2026-03-05 00:00:39,155 - [523/1000] 52.3% - https://th-tool.by/pruzhina_1/...
2026-03-05 00:00:51,959 - [524/1000] 52.4% - https://th-tool.by/shplint_3/...
2026-03-05 00:01:04,866 - [525/1000] 52.5% - https://th-tool.by/korpus-udarnyy-mekhanizm_3/...
2026-03-05 00:01:17,620 - [526/1000] 52.6% - https://th-tool.by/prokladka_9/...
2026-03-05 00:01:30,409 - [527/1000] 52.7% - https://th-tool.by/vtulka-vala_5/...
2026-03-05 00:01:43,260 - [528/1000] 52.8% - https://th-tool.by/val-k-pnevmogaykovertu-rt-5563/...
2026-03-05 00:01:55,976 - [529/1000] 52.9% - https://th-tool.by/molotok_3/...
2026-03-05 00:02:08,712 - [530/1000] 53.0% - https://th-tool.by/koltso-rezinovoe-k-pnevmostepleru-sj-1850f_3/...
2026-03-05 00:02:21,463 - [531/1000] 53.1% - https://th-tool.by/pruzhina-k-pnevmostepleru-sj-1850f/...
2026-03-05 00:02:34,193 - [532/1000] 53.2% - https://th-tool.by/metallicheskaya-prokladka_2/...
2026-03-05 00:02:46,926 - [533/1000] 53.3% - https://th-tool.by/perednyaya-plastina_9/...
2026-03-05 00:02:59,700 - [534/1000] 53.4% - https://th-tool.by/lopasti-k-pnevmogaykovertu-rt-5563/...
2026-03-05 00:03:12,445 - [535/1000] 53.5% - https://th-tool.by/rotor_8/...
2026-03-05 00:03:25,227 - [536/1000] 53.6% - https://th-tool.by/shplint_4/...
2026-03-05 00:03:37,936 - [537/1000] 53.7% - https://th-tool.by/tsilindr_3/...
2026-03-05 00:03:50,753 - [538/1000] 53.8% - https://th-tool.by/shtok-klapana-k-pnevmostepleru-sj-1850f/...
2026-03-05 00:04:03,475 - [539/1000] 53.9% - https://th-tool.by/korpus_3/...
2026-03-05 00:04:16,219 - [540/1000] 54.0% - https://th-tool.by/zadnyaya-kryshka_5/...
2026-03-05 00:04:29,074 - [541/1000] 54.1% - https://th-tool.by/prokladka_10/...
2026-03-05 00:04:41,831 - [542/1000] 54.2% - https://th-tool.by/troynik-nar-rezba-3-8-h-d/...
2026-03-05 00:04:54,651 - [543/1000] 54.3% - https://th-tool.by/vtulka-podachi-vozdukha_4/...
2026-03-05 00:05:07,427 - [544/1000] 54.4% - https://th-tool.by/klapan-podachi-vozdukha_1/...
2026-03-05 00:05:20,228 - [545/1000] 54.5% - https://th-tool.by/rychag-klapana/...
2026-03-05 00:05:32,977 - [546/1000] 54.6% - https://th-tool.by/korpus_4/...
2026-03-05 00:05:45,716 - [547/1000] 54.7% - https://th-tool.by/koltso-rezinovoe-k-pnevmostepleru-sj-1850f_4/...
2026-03-05 00:05:58,488 - [548/1000] 54.8% - https://th-tool.by/pruzhina-klapana-k-pnevmoshlifmashinke-rt-2131/...
2026-03-05 00:06:11,311 - [549/1000] 54.9% - https://th-tool.by/verkhnyaya-plastina/...
2026-03-05 00:06:24,045 - [550/1000] 55.0% - https://th-tool.by/tsilindr_4/...
2026-03-05 00:06:36,803 - 
--- Прогресс: 550/1000 | Успешно: 548 | Ошибки: 2 | Время: 118.2 мин ---

2026-03-05 00:06:36,803 - [551/1000] 55.1% - https://th-tool.by/nizhnyaya-plastina/...
2026-03-05 00:06:49,540 - [552/1000] 55.2% - https://th-tool.by/balansir/...
2026-03-05 00:07:02,272 - [553/1000] 55.3% - https://th-tool.by/prokladka-k-pnevmoshlifmashinke-rt-2131/...
2026-03-05 00:07:15,081 - [554/1000] 55.4% - https://th-tool.by/podlozhka-6-dlya-pnevmoshlifovalnoy-mashinki-rt-213...
2026-03-05 00:07:27,816 - [555/1000] 55.5% - https://th-tool.by/podlozhka-5-dlya-pnevmoshlifovalnoy-mashinki-rt-213...
2026-03-05 00:07:40,739 - [556/1000] 55.6% - https://th-tool.by/koltso-rezinovoe-k-pnevmostepleru-sj-1850f_5/...
2026-03-05 00:07:53,452 - [557/1000] 55.7% - https://th-tool.by/predokhranitel-vozdushnyy-k-pnevmostepleru-sj-1850f...
2026-03-05 00:08:06,215 - [558/1000] 55.8% - https://th-tool.by/rotor_9/...
2026-03-05 00:08:18,950 - [559/1000] 55.9% - https://th-tool.by/lopasti-k-pnevmoshlifmashinke-rt-2131/...
2026-03-05 00:08:31,693 - [560/1000] 56.0% - https://th-tool.by/korpus_5/...
2026-03-05 00:08:44,416 - [561/1000] 56.1% - https://th-tool.by/tsilindr_5/...
2026-03-05 00:08:57,145 - [562/1000] 56.2% - https://th-tool.by/rotor_10/...
2026-03-05 00:09:09,887 - [563/1000] 56.3% - https://th-tool.by/semnik-stopornykh-kolets-gnutyy-na-razzhim-90-l-175...
2026-03-05 00:09:23,030 - [564/1000] 56.4% - https://th-tool.by/rychag-klapana_1/...
2026-03-05 00:09:35,847 - [565/1000] 56.5% - https://th-tool.by/shponka-k-pnevmoshlifmashinke-rt-2133/...
2026-03-05 00:09:48,675 - [566/1000] 56.6% - https://th-tool.by/nizhnyaya-plastina_1/...
2026-03-05 00:10:01,441 - [567/1000] 56.7% - https://th-tool.by/lopasti-k-pnevmoshlifmashinke-rt-2133/...
2026-03-05 00:10:14,185 - [568/1000] 56.8% - https://th-tool.by/verkhnyaya-plastina_1/...
2026-03-05 00:10:26,915 - [569/1000] 56.9% - https://th-tool.by/zamok/...
2026-03-05 00:10:39,631 - [570/1000] 57.0% - https://th-tool.by/balansir_1/...
2026-03-05 00:10:52,317 - [571/1000] 57.1% - https://th-tool.by/igolchatyy-klapan_1/...
2026-03-05 00:11:05,031 - [572/1000] 57.2% - https://th-tool.by/koltso-tsilindra/...
2026-03-05 00:11:17,718 - [573/1000] 57.3% - https://th-tool.by/klapan_1/...
2026-03-05 00:11:30,529 - [574/1000] 57.4% - https://th-tool.by/boek-p10-15-k-pnevmostepleru-sj-1850f/...
2026-03-05 00:11:43,237 - [575/1000] 57.5% - https://th-tool.by/pruzhina_2/...
2026-03-05 00:11:55,970 - [576/1000] 57.6% - https://th-tool.by/regulyator/...
2026-03-05 00:12:08,683 - [577/1000] 57.7% - https://th-tool.by/koltso-rezinovoe-k-pnevmostepleru-sj-1850f-2sht-k-t...
2026-03-05 00:12:21,424 - [578/1000] 57.8% - https://th-tool.by/kurok/...
2026-03-05 00:12:34,131 - [579/1000] 57.9% - https://th-tool.by/klapan-v-sbore/...
2026-03-05 00:12:46,841 - [580/1000] 58.0% - https://th-tool.by/porshen-k-pnevmomolotku-rt-3501/...
2026-03-05 00:12:59,527 - [581/1000] 58.1% - https://th-tool.by/pruzhina-k-pnevmomolotku-rt-3501/...
2026-03-05 00:13:12,234 - [582/1000] 58.2% - https://th-tool.by/stopor-k-pnevmostepleru-su-8016/...
2026-03-05 00:13:24,945 - [583/1000] 58.3% - https://th-tool.by/prokladka-k-pnevmostepleru-su-8016/...
2026-03-05 00:13:37,736 - [584/1000] 58.4% - https://th-tool.by/semnik-stopornykh-kolets-pryamoy-na-razzhim-l-180mm...
2026-03-05 00:13:50,912 - [585/1000] 58.5% - https://th-tool.by/nabor-koronok-sds-65-i-80mm-geko/...
2026-03-05 00:14:03,630 - [586/1000] 58.6% - https://th-tool.by/khon-dlya-rastochki-tsilindrov-diapazon-50-178mm/...
2026-03-05 00:14:16,439 - [587/1000] 58.7% - https://th-tool.by/klyuch-dlya-sverlilnogo-patrona-10mm-geko/...
2026-03-05 00:14:29,169 - [588/1000] 58.8% - https://th-tool.by/patron-sverlilnyy-10-v12-s-klyuchikom-geko/...
2026-03-05 00:14:41,907 - [589/1000] 58.9% - https://th-tool.by/bita-3-luchevaya-1kh25mm-1-4/...
2026-03-05 00:14:54,747 - [590/1000] 59.0% - https://th-tool.by/patron-sverlilnyy-13-1-25mm-s-klyuchikom-geko/...
2026-03-05 00:15:07,492 - [591/1000] 59.1% - https://th-tool.by/koltso-rezinovoe-tsilindra-k-pnevmostepleru-su-8016...
2026-03-05 00:15:20,234 - [592/1000] 59.2% - https://th-tool.by/patron-sverlilnyy-samozazh-13-1-2-polumet-geko/...
2026-03-05 00:15:33,001 - [593/1000] 59.3% - https://th-tool.by/domkrat-podkatnoy-gidravlicheskiy-2-t-usilennyy-niz...
2026-03-05 00:15:45,967 - [594/1000] 59.4% - https://th-tool.by/patron-sverlilnyy-samozazh-2-13-1-2-geko/...
2026-03-05 00:15:58,691 - [595/1000] 59.5% - https://th-tool.by/nabor-koronok-sds-350mm-65-i80mm/...
2026-03-05 00:16:11,425 - [596/1000] 59.6% - https://th-tool.by/nabor-koronok-sds-i-hex-65-i80mm/...
2026-03-05 00:16:24,335 - [597/1000] 59.7% - https://th-tool.by/sverla-koronchatye-sds-30-40-65-80-100mm-geko/...
2026-03-05 00:16:37,039 - [598/1000] 59.8% - https://th-tool.by/nabor-instrumenta-46pr-1-4-6-gran-4-14mm/...
2026-03-05 00:16:50,349 - [599/1000] 59.9% - https://th-tool.by/korpus-k-pnevmogaykovertu-st-55883-8/...
2026-03-05 00:17:03,081 - [600/1000] 60.0% - https://th-tool.by/gayka-k-pnevmogaykovertu-st-55883-8/...
2026-03-05 00:17:15,814 - 
--- Прогресс: 600/1000 | Успешно: 598 | Ошибки: 2 | Время: 128.9 мин ---

2026-03-05 00:17:15,814 - [601/1000] 60.1% - https://th-tool.by/kurok-k-pnevmogaykovertu-st-55883-8/...
2026-03-05 00:17:28,527 - [602/1000] 60.2% - https://th-tool.by/klapan-k-pnevmogaykovertu-st-55883-8/...
2026-03-05 00:17:41,275 - [603/1000] 60.3% - https://th-tool.by/vtulka-klapana-k-pnevmogaykovertu-st-55883-8/...
2026-03-05 00:17:54,017 - [604/1000] 60.4% - https://th-tool.by/prokladka-k-pnevmogaykovertu-st-55883-8-st-55883/...
2026-03-05 00:18:06,736 - [605/1000] 60.5% - https://th-tool.by/zadnyaya-kryshka-k-pnevmogaykovertu-st-55883-8/...
2026-03-05 00:18:19,460 - [606/1000] 60.6% - https://th-tool.by/zadnyaya-plastina-k-pnevmogaykovertu-st-55883-8/...
2026-03-05 00:18:32,258 - [607/1000] 60.7% - https://th-tool.by/rotor-k-pnevmogaykovertu-st-55883-8/...
2026-03-05 00:18:44,982 - [608/1000] 60.8% - https://th-tool.by/lopast-k-pnevmogaykovertu-st-55883-k-t-6-sht/...
2026-03-05 00:18:57,712 - [609/1000] 60.9% - https://th-tool.by/shtutser-yolochka-10mm-nar-rezba-3-4-h-d/...
2026-03-05 00:19:10,438 - [610/1000] 61.0% - https://th-tool.by/tsilindr-k-pnevmogaykovertu-st-55883-8/...
2026-03-05 00:19:23,163 - [611/1000] 61.1% - https://th-tool.by/perednyaya-plastina-k-pnevmogaykovertu-st-55883-8/...
2026-03-05 00:19:35,893 - [612/1000] 61.2% - https://th-tool.by/vtulka-vala-k-pnevmogaykovertu-st-55883/...
2026-03-05 00:19:48,665 - [613/1000] 61.3% - https://th-tool.by/korpus-udarnogo-mekhanizma-k-pnevmogaykovertu-st-55...
2026-03-05 00:20:01,345 - [614/1000] 61.4% - https://th-tool.by/prokladka-k-pnevmogaykovertu-st-55883-8/...
2026-03-05 00:20:14,333 - [615/1000] 61.5% - https://th-tool.by/korpus-molotka-k-pnevmogaykovertu-st-55883-8/...
2026-03-05 00:20:27,063 - [616/1000] 61.6% - https://th-tool.by/molotok-k-pnevmogaykovertu-st-55883-8/...
2026-03-05 00:20:39,779 - [617/1000] 61.7% - https://th-tool.by/shpilka-k-pnevmogaykovertu-st-55883-8/...
2026-03-05 00:20:52,468 - [618/1000] 61.8% - https://th-tool.by/val-1-k-pnevmogaykovertu-st-55883/...
2026-03-05 00:21:05,155 - [619/1000] 61.9% - https://th-tool.by/val-8-k-pnevmogaykovertu-st-55883-8/...
2026-03-05 00:21:17,878 - [620/1000] 62.0% - https://th-tool.by/bita-6-grannaya-h6kh30mml-10mm/...
2026-03-05 00:21:31,015 - [621/1000] 62.1% - https://th-tool.by/ruchka-k-pnevmogaykovertu-st-55883-8/...
2026-03-05 00:21:43,853 - [622/1000] 62.2% - https://th-tool.by/korpus-k-pnevmogaykovertu-sm-43-4037/...
2026-03-05 00:21:56,599 - [623/1000] 62.3% - https://th-tool.by/zadnyaya-plastina-k-pnevmogaykovertu-sm-43-4037/...
2026-03-05 00:22:09,327 - [624/1000] 62.4% - https://th-tool.by/rotor-k-pnevmogaykovertu-sm-43-4037/...
2026-03-05 00:22:22,044 - [625/1000] 62.5% - https://th-tool.by/lopast-k-pnevmogaykovertu-sm-43-4037-k-t-6-sht/...
2026-03-05 00:22:34,765 - [626/1000] 62.6% - https://th-tool.by/perednyaya-plastina-k-pnevmogaykovertu-sm-43-4037/...
2026-03-05 00:22:47,464 - [627/1000] 62.7% - https://th-tool.by/pereklyuchatel-k-pnevmogaykovertu-sm-43-4037/...
2026-03-05 00:23:00,208 - [628/1000] 62.8% - https://th-tool.by/rezinovoe-koltso-k-pnevmogaykovertu-sm-43-4037/...
2026-03-05 00:23:12,959 - [629/1000] 62.9% - https://th-tool.by/domkrat-podkatnoy-gidravlicheskiy-dvukhporshnevoy-3...
2026-03-05 00:23:25,787 - [630/1000] 63.0% - https://th-tool.by/pruzhina-k-pnevmogaykovertu-sm-43-4037/...
2026-03-05 00:23:38,473 - [631/1000] 63.1% - https://th-tool.by/stopornyy-sharik-k-pnevmogaykovertu-sm-43-4037/...
2026-03-05 00:23:51,196 - [632/1000] 63.2% - https://th-tool.by/korpus-udarnogo-mekhanizma-k-pnevmogaykovertu-sm-43...
2026-03-05 00:24:03,910 - [633/1000] 63.3% - https://th-tool.by/rezinovoe-koltso-k-pnevmogaykovertu-sm-43-4037_1/...
2026-03-05 00:24:16,603 - [634/1000] 63.4% - https://th-tool.by/prokladka-k-pnevmogaykovertu-sm-43-4037/...
2026-03-05 00:24:29,282 - [635/1000] 63.5% - https://th-tool.by/pruzhina-klapana-k-pnevmogaykovertu-sm-43-4037/...
2026-03-05 00:24:42,030 - [636/1000] 63.6% - https://th-tool.by/klapan-k-pnevmogaykovertu-sm-43-4037/...
2026-03-05 00:24:54,782 - [637/1000] 63.7% - https://th-tool.by/vtulka-klapana-k-pnevmogaykovertu-sm-43-4037/...
2026-03-05 00:25:07,491 - [638/1000] 63.8% - https://th-tool.by/korpus-k-pnevmogaykovertu-st-5548/...
2026-03-05 00:25:20,209 - [639/1000] 63.9% - https://th-tool.by/fiksator-kurka-k-pnevmogaykovertu-st-5548/...
2026-03-05 00:25:32,948 - [640/1000] 64.0% - https://th-tool.by/gayka-k-pnevmogaykovertu-st-5548/...
2026-03-05 00:25:45,683 - [641/1000] 64.1% - https://th-tool.by/klapan-k-pnevmogaykovertu-st-5548/...
2026-03-05 00:25:58,408 - [642/1000] 64.2% - https://th-tool.by/rezinovoe-koltso-k-pnevmogaykovertu-st-5548/...
2026-03-05 00:26:11,094 - [643/1000] 64.3% - https://th-tool.by/zadnyaya-plastina-k-pnevmogaykovertu-st-5548/...
2026-03-05 00:26:23,814 - [644/1000] 64.4% - https://th-tool.by/tsilindr-k-pnevmogaykovertu-st-5548/...
2026-03-05 00:26:36,531 - [645/1000] 64.5% - https://th-tool.by/perednyaya-plastina-k-pnevmogaykovertu-st-5548/...
2026-03-05 00:26:49,229 - [646/1000] 64.6% - https://th-tool.by/bita-6-grannaya-h4kh75mml-10mm/...
2026-03-05 00:27:02,196 - [647/1000] 64.7% - https://th-tool.by/prokladka-k-pnevmogaykovertu-st-5548/...
2026-03-05 00:27:14,930 - [648/1000] 64.8% - https://th-tool.by/pruzhina-klapana-k-pnevmogaykovertu-st-5548/...
2026-03-05 00:27:27,633 - [649/1000] 64.9% - https://th-tool.by/tsilindr-k-pnevmostepleru-su-8016/...
2026-03-05 00:27:40,415 - [650/1000] 65.0% - https://th-tool.by/korpus-k-pnevmogaykovertu-st-55881-7/...
2026-03-05 00:27:53,165 - 
--- Прогресс: 650/1000 | Успешно: 648 | Ошибки: 2 | Время: 139.5 мин ---

2026-03-05 00:27:53,165 - [651/1000] 65.1% - https://th-tool.by/klapan-k-pnevmogaykovertu-st-55881-7/...
2026-03-05 00:28:05,894 - [652/1000] 65.2% - https://th-tool.by/prokladka-poronit-k-pnevmogaykovertu-st-55881-7/...
2026-03-05 00:28:18,647 - [653/1000] 65.3% - https://th-tool.by/zadnyaya-kryshka-k-pnevmogaykovertu-st-55881-7/...
2026-03-05 00:28:31,361 - [654/1000] 65.4% - https://th-tool.by/podshipnik-k-pnevmogaykovertu-st-55881-7/...
2026-03-05 00:28:44,115 - [655/1000] 65.5% - https://th-tool.by/zadnyaya-plastina-k-pnevmogaykovertu-st-55881-7/...
2026-03-05 00:28:56,902 - [656/1000] 65.6% - https://th-tool.by/rotor-k-pnevmogaykovertu-st-55881-7/...
2026-03-05 00:29:09,693 - [657/1000] 65.7% - https://th-tool.by/lopost-k-pnevmogaykovertu-st-55881-7-k-t-6-sht/...
2026-03-05 00:29:22,409 - [658/1000] 65.8% - https://th-tool.by/tsilindr-k-pnevmogaykovertu-st-55881-7/...
2026-03-05 00:29:35,142 - [659/1000] 65.9% - https://th-tool.by/perednyaya-plastina-k-pnevmogaykovertu-st-55881-7/...
2026-03-05 00:29:47,896 - [660/1000] 66.0% - https://th-tool.by/podshipnik-k-pnevmogaykovertu-st-55881-7_1/...
2026-03-05 00:30:00,608 - [661/1000] 66.1% - https://th-tool.by/klapan-reversa-k-pnevmogaykovertu-st-55881-7/...
2026-03-05 00:30:13,340 - [662/1000] 66.2% - https://th-tool.by/pruzhina-k-pnevmogaykovertu-st-55881-7/...
2026-03-05 00:30:26,064 - [663/1000] 66.3% - https://th-tool.by/shpilka-k-pnevmogaykovertu-st-55881-7/...
2026-03-05 00:30:38,779 - [664/1000] 66.4% - https://th-tool.by/vtulka-klapana-k-pnevmogaykovertu-st-55881-7/...
2026-03-05 00:30:51,597 - [665/1000] 66.5% - https://th-tool.by/1-4-nabor-bit-s-bitoderzhatelem-31pr-25mml/...
2026-03-05 00:31:04,371 - [666/1000] 66.6% - https://th-tool.by/regulyator-k-pnevmogaykovertu-st-55881-7/...
2026-03-05 00:31:17,105 - [667/1000] 66.7% - https://th-tool.by/korpus-udarnogo-mekhanizma-k-pnevmogaykovertu-st-55...
2026-03-05 00:31:29,866 - [668/1000] 66.8% - https://th-tool.by/prokladka-poronit-k-pnevmogaykovertu-st-55881-7_1/...
2026-03-05 00:31:42,611 - [669/1000] 66.9% - https://th-tool.by/vtulka-vala-k-pnevmogaykovertu-st-55881-7/...
2026-03-05 00:31:55,399 - [670/1000] 67.0% - https://th-tool.by/metallicheskaya-prokladka-k-pnevmogaykovertu-st-558...
2026-03-05 00:32:08,113 - [671/1000] 67.1% - https://th-tool.by/korpus-molotka-k-pnevmogaykovertu-st-55881-7/...
2026-03-05 00:32:20,811 - [672/1000] 67.2% - https://th-tool.by/molotok-k-pnevmogaykovertu-st-55881-7/...
2026-03-05 00:32:33,540 - [673/1000] 67.3% - https://th-tool.by/shpilka-k-pnevmogaykovertu-st-55881-7_1/...
2026-03-05 00:32:46,308 - [674/1000] 67.4% - https://th-tool.by/val-k-pnevmogaykovertu-st-55881-7/...
2026-03-05 00:32:59,092 - [675/1000] 67.5% - https://th-tool.by/val-k-pnevmogaykovertu-st-55881-7_1/...
2026-03-05 00:33:11,864 - [676/1000] 67.6% - https://th-tool.by/ruchka-k-pnevmogaykovertu-st-55881-7/...
2026-03-05 00:33:24,573 - [677/1000] 67.7% - https://th-tool.by/vtulka-regulyatora-k-pnevmogaykovertu-st-55881-7/...
2026-03-05 00:33:37,333 - [678/1000] 67.8% - https://th-tool.by/vtulka-klapana-k-pnevmogaykovertu-st-5548/...
2026-03-05 00:33:50,041 - [679/1000] 67.9% - https://th-tool.by/napravlyayushchee-koltso-k-pnevmogaykovertu-st-5548...
2026-03-05 00:34:02,878 - [680/1000] 68.0% - https://th-tool.by/metallicheskaya-prokladka-k-pnevmogaykovertu-st-554...
2026-03-05 00:34:16,106 - [681/1000] 68.1% - https://th-tool.by/korpus-molotka-k-pnevmogaykovertu-st-5548/...
2026-03-05 00:34:28,967 - [682/1000] 68.2% - https://th-tool.by/molotok-k-pnevmogaykovertust-5548/...
2026-03-05 00:34:41,782 - [683/1000] 68.3% - https://th-tool.by/shtutser-yolochka-12mm-nar-rezba-3-4-h-d/...
2026-03-05 00:34:54,468 - [684/1000] 68.4% - https://th-tool.by/koltso-rezinovoe-k-k-pnevmostepleru-su-8016-d31-2/...
2026-03-05 00:35:07,295 - [685/1000] 68.5% - https://th-tool.by/rele-davleniya-3-vykhoda-k-kompressoru-serii-tb265/...
2026-03-05 00:35:20,052 - [686/1000] 68.6% - https://th-tool.by/otboynik-k-pnevmostepleru-su-8016/...
2026-03-05 00:35:32,816 - [687/1000] 68.7% - https://th-tool.by/rele-davleniya-s-manometrom/...
2026-03-05 00:35:45,532 - [688/1000] 68.8% - https://th-tool.by/soplo-k-pnevmostepleru-su-8016/...
2026-03-05 00:35:58,294 - [689/1000] 68.9% - https://th-tool.by/boek-8016p05-k-pnevmostepleru-su-8016/...
2026-03-05 00:36:11,012 - [690/1000] 69.0% - https://th-tool.by/stopor-k-pnevmostepleru-su-9040/...
2026-03-05 00:36:23,768 - [691/1000] 69.1% - https://th-tool.by/klapan-porshnya-k-pnevmostepleru-su-9040/...
2026-03-05 00:36:36,528 - [692/1000] 69.2% - https://th-tool.by/napravlyayushchaya-k-pnevmostepleru-su-9040/...
2026-03-05 00:36:49,275 - [693/1000] 69.3% - https://th-tool.by/koltso-rezinovoe-k-pnevmostepleru-su-9040/...
2026-03-05 00:37:02,032 - [694/1000] 69.4% - https://th-tool.by/boek-k-pnevmostepleru-su-9040/...
2026-03-05 00:37:14,757 - [695/1000] 69.5% - https://th-tool.by/koltso-rezinovoe-40-2-5-k-pnevmostepleru-su-9040/...
2026-03-05 00:37:27,485 - [696/1000] 69.6% - https://th-tool.by/tsilindr-k-pnevmostepleru-su-9040/...
2026-03-05 00:37:40,227 - [697/1000] 69.7% - https://th-tool.by/koltso-rezinovoe-37-8-2-5-k-pnevmostepleru-su-9040/...
2026-03-05 00:37:52,970 - [698/1000] 69.8% - https://th-tool.by/otboynik-k-pnevmostepleru-su-9040/...
2026-03-05 00:38:05,687 - [699/1000] 69.9% - https://th-tool.by/domkrat-podkatnoy-gidravlicheskiy-2-5t/...
2026-03-05 00:38:18,399 - [700/1000] 70.0% - https://th-tool.by/koltso-rezinovoe-k-pnevmostepleru-su-9040_1/...
2026-03-05 00:38:31,150 - 
--- Прогресс: 700/1000 | Успешно: 698 | Ошибки: 2 | Время: 150.1 мин ---

2026-03-05 00:38:31,151 - [701/1000] 70.1% - https://th-tool.by/vtulka-klapana-k-pnevmostepleru-su-9040/...
2026-03-05 00:38:43,900 - [702/1000] 70.2% - https://th-tool.by/gaykovert-ruchnoy-s-reduktorom-golovki-32mm-i-33mm-...
2026-03-05 00:38:57,021 - [703/1000] 70.3% - https://th-tool.by/gaykovert-ruchnoy-s-reduktorom-golovki-32mm-i-33mm-...
2026-03-05 00:39:10,312 - [704/1000] 70.4% - https://th-tool.by/gaykovert-ruchnoy-s-reduktorom-golovki-24mm-27mm-30...
2026-03-05 00:39:23,412 - [705/1000] 70.5% - https://th-tool.by/nozhnitsy-mnogofunktsionalnye-7-175mm/...
2026-03-05 00:39:36,234 - [706/1000] 70.6% - https://th-tool.by/gaykovert-ruchnoy-s-reduktorom-golovki-32mm-i-33mm-...
2026-03-05 00:39:49,318 - [707/1000] 70.7% - https://th-tool.by/gaykovert-ruchnoy-s-reduktorom-golovki-32mm-i-33mm-...
2026-03-05 00:40:02,433 - [708/1000] 70.8% - https://th-tool.by/gaykovert-ruchnoy-s-reduktorom-golovki-32mm-i-33mm-...
2026-03-05 00:40:15,505 - [709/1000] 70.9% - https://th-tool.by/koltso-rezinovoe-k-pnevmostepleru-su-9040_2/...
2026-03-05 00:40:28,267 - [710/1000] 71.0% - https://th-tool.by/bita-6-grannaya-h6kh75mm-10mm/...
2026-03-05 00:40:41,385 - [711/1000] 71.1% - https://th-tool.by/shtok-klapana-k-pnevmostepleru-su-9040/...
2026-03-05 00:40:54,118 - [712/1000] 71.2% - https://th-tool.by/koltso-rezinovoe-k-pnevmostepleru-su-9040_3/...
2026-03-05 00:41:06,875 - [713/1000] 71.3% - https://th-tool.by/kryshka-k-pnevmostepleru-su-9040/...
2026-03-05 00:41:19,598 - [714/1000] 71.4% - https://th-tool.by/koltso-rezinovoe-2sht-k-pnevmostepleru-su-9040/...
2026-03-05 00:41:32,393 - [715/1000] 71.5% - https://th-tool.by/3-4-golovka-50mm-univers-profil/...
2026-03-05 00:41:45,265 - [716/1000] 71.6% - https://th-tool.by/koltso-rezinovoe-2sht-k-pnevmostepleru-su-9040_1/...
2026-03-05 00:41:58,007 - [717/1000] 71.7% - https://th-tool.by/soplo-k-pnevmopistoletu-sx-2101/...
2026-03-05 00:42:10,748 - [718/1000] 71.8% - https://th-tool.by/trubka-k-pnevmopistoletu-sx-2101/...
2026-03-05 00:42:23,470 - [719/1000] 71.9% - https://th-tool.by/val-k-pnevmopistoletu-sx-2101/...
2026-03-05 00:42:36,239 - [720/1000] 72.0% - https://th-tool.by/vtulka-k-pnevmopistoletu-sx-2101/...
2026-03-05 00:42:48,999 - [721/1000] 72.1% - https://th-tool.by/gayka-m6-k-pnevmopistoletu-sx-2101/...
2026-03-05 00:43:01,778 - [722/1000] 72.2% - https://th-tool.by/trubka-soedinitelnaya-k-pnevmopistoletu-sx-2101/...
2026-03-05 00:43:14,608 - [723/1000] 72.3% - https://th-tool.by/trubka-k-pnevmopistoletu-sx-2101_1/...
2026-03-05 00:43:27,369 - [724/1000] 72.4% - https://th-tool.by/vint-k-pnevmopistoletu-sx-2101/...
2026-03-05 00:43:40,521 - [725/1000] 72.5% - https://th-tool.by/shayba-k-pnevmopistoletu-sx-2101/...
2026-03-05 00:43:53,387 - [726/1000] 72.6% - https://th-tool.by/korpus-klapana-k-pnevmopistoletu-sx-2101/...
2026-03-05 00:44:06,169 - [727/1000] 72.7% - https://th-tool.by/kryshka-k-pnevmopistoletu-sx-2101/...
2026-03-05 00:44:18,975 - [728/1000] 72.8% - https://th-tool.by/gayka-k-pnevmopistoletu-sx-2101/...
2026-03-05 00:44:31,934 - [729/1000] 72.9% - https://th-tool.by/remkomplekt-k-domkratu-th23003/...
2026-03-05 00:44:45,196 - [730/1000] 73.0% - https://th-tool.by/remkomplekt-k-domkratu-th33502/...
2026-03-05 00:44:58,038 - [731/1000] 73.1% - https://th-tool.by/remkomplekt-k-domkratu-th22009/...
2026-03-05 00:45:10,805 - [732/1000] 73.2% - https://th-tool.by/remkomplekt-k-domkratu-th33007/...
2026-03-05 00:45:23,619 - [733/1000] 73.3% - https://th-tool.by/remkomplekt-k-domkratu-th33004/...
2026-03-05 00:45:36,531 - [734/1000] 73.4% - https://th-tool.by/remkomplekt-k-domkratu-th22501s-th22501s/...
2026-03-05 00:45:49,418 - [735/1000] 73.5% - https://th-tool.by/remkomplekt-k-domkratu-th33003f/...
2026-03-05 00:46:02,309 - [736/1000] 73.6% - https://th-tool.by/prokladka-k-pnevmopistoletu-sx-2101/...
2026-03-05 00:46:15,289 - [737/1000] 73.7% - https://th-tool.by/remkomplekt-k-domkratu-th33005/...
2026-03-05 00:46:28,587 - [738/1000] 73.8% - https://th-tool.by/komplekt-kamney-dlya-khona-3pr-fraktsiya-100-100kh1...
2026-03-05 00:46:41,420 - [739/1000] 73.9% - https://th-tool.by/remkomplekt-k-domkratu-th22005cb/...
2026-03-05 00:46:54,241 - [740/1000] 74.0% - https://th-tool.by/shtok-na-domkrat-th22005cb/...
2026-03-05 00:47:07,342 - [741/1000] 74.1% - https://th-tool.by/shtok-na-domkrat-th22009-th22501-th22501c-th23003/...
2026-03-05 00:47:20,919 - [742/1000] 74.2% - https://th-tool.by/predokhranitel-k-pnevmostepleru-f18-55c/...
2026-03-05 00:47:35,416 - [743/1000] 74.3% - https://th-tool.by/pruzhina-k-shpilkozabivnomu-pnevmopistoletu-pt-635l...
2026-03-05 00:47:50,678 - [744/1000] 74.4% - https://th-tool.by/stopor-porshnya-k-shpilkozabivnomu-pnevmopistoletu-...
2026-03-05 00:48:05,800 - [745/1000] 74.5% - https://th-tool.by/boyok-k-shpilkozabivnomu-pnevmopistoletu-pt-635l-92...
2026-03-05 00:48:19,589 - [746/1000] 74.6% - https://th-tool.by/tsilindr-k-shpilkozabivnomu-pnevmopistoletu-pt-635l...
2026-03-05 00:48:32,503 - [747/1000] 74.7% - https://th-tool.by/otboynik-k-shpilkozabivnomu-pnevmopistoletu-pt-635l...
2026-03-05 00:48:45,568 - [748/1000] 74.8% - https://th-tool.by/tsilindr-k-shtiftozabivnomu-pnevmopistoletu-lnf-32a...
2026-03-05 00:48:58,649 - [749/1000] 74.9% - https://th-tool.by/predokhranitel-k-shtiftozabivnomu-pnevmopistoletu-l...
2026-03-05 00:49:11,556 - [750/1000] 75.0% - https://th-tool.by/tsilindr-k-shtiftozabivnomu-pnevmopistoletu-lnf-50a...
2026-03-05 00:49:24,370 - 
--- Прогресс: 750/1000 | Успешно: 748 | Ошибки: 2 | Время: 161.0 мин ---

2026-03-05 00:49:24,370 - [751/1000] 75.1% - https://th-tool.by/predokhranitel-k-shtiftozabivnomu-pnevmopistoletu-l...
2026-03-05 00:49:37,229 - [752/1000] 75.2% - https://th-tool.by/tsilindr-k-skobozabivnomu-pnevmopistoletu-lu-8016f-...
2026-03-05 00:49:50,101 - [753/1000] 75.3% - https://th-tool.by/stopor-porshnya-k-skobozabivnomu-pnevmopistoletu-lu...
2026-03-05 00:50:02,937 - [754/1000] 75.4% - https://th-tool.by/balon-k-pnevmopistoletu-sx-2101/...
2026-03-05 00:50:15,806 - [755/1000] 75.5% - https://th-tool.by/kryshka-k-pnevmopistoletu-sx-2101_1/...
2026-03-05 00:50:28,587 - [756/1000] 75.6% - https://th-tool.by/trubka-k-pnevmopistoletu-sx-2101_2/...
2026-03-05 00:50:41,586 - [757/1000] 75.7% - https://th-tool.by/metchikoderzhatel-2-m4-12/...
2026-03-05 00:50:54,593 - [758/1000] 75.8% - https://th-tool.by/metchikoderzhatel-3-m5-20/...
2026-03-05 00:51:07,539 - [759/1000] 75.9% - https://th-tool.by/shlang-dlya-aerografa-1-8-kh1-8-2m-prowin/...
2026-03-05 00:51:20,340 - [760/1000] 76.0% - https://th-tool.by/bita-shlitsevaya-1-0x5-5mm-25mm-1-4/...
2026-03-05 00:51:33,471 - [761/1000] 76.1% - https://th-tool.by/drel-shurupovert-400vt/...
2026-03-05 00:51:46,446 - [762/1000] 76.2% - https://th-tool.by/fen-promyshlennyy-elektricheskiy-s-nasadkami-3-rezh...
2026-03-05 00:51:59,645 - [763/1000] 76.3% - https://th-tool.by/klyuch-g-obraznyy-6-grannyy-2mm/...
2026-03-05 00:52:12,955 - [764/1000] 76.4% - https://th-tool.by/ugloshlifovalnaya-mashina-s-povorotnoy-rukoyatkoy-2...
2026-03-05 00:52:26,077 - [765/1000] 76.5% - https://th-tool.by/klyuch-g-obraznyy-6-grannyy-7mm/...
2026-03-05 00:52:39,202 - [766/1000] 76.6% - https://th-tool.by/shurupovert-akkumulyatornyy-14-4v-1-5ah-26nm-patron...
2026-03-05 00:52:52,142 - [767/1000] 76.7% - https://th-tool.by/drel-udarnaya-elektricheskaya-220v-800w-2700-ob-min...
2026-03-05 00:53:04,907 - [768/1000] 76.8% - https://th-tool.by/klyuch-g-obraznyy-6-grannyy-8mm/...
2026-03-05 00:53:18,029 - [769/1000] 76.9% - https://th-tool.by/klyuch-kombinirovannyy-6mm/...
2026-03-05 00:53:31,050 - [770/1000] 77.0% - https://th-tool.by/klyuch-kombinirovannyy-7mm/...
2026-03-05 00:53:44,249 - [771/1000] 77.1% - https://th-tool.by/klyuch-kombinirovannyy-8mm/...
2026-03-05 00:53:57,530 - [772/1000] 77.2% - https://th-tool.by/klyuch-kombinirovannyy-9mm/...
2026-03-05 00:54:10,790 - [773/1000] 77.3% - https://th-tool.by/klyuch-kombinirovannyy-10mm/...
2026-03-05 00:54:23,993 - [774/1000] 77.4% - https://th-tool.by/klyuch-kombinirovannyy-11mm/...
2026-03-05 00:54:37,283 - [775/1000] 77.5% - https://th-tool.by/klyuch-kombinirovannyy-12mm/...
2026-03-05 00:54:50,690 - [776/1000] 77.6% - https://th-tool.by/klyuch-kombinirovannyy-13mm/...
2026-03-05 00:55:04,131 - [777/1000] 77.7% - https://th-tool.by/klyuch-kombinirovannyy-14mm/...
2026-03-05 00:55:17,382 - [778/1000] 77.8% - https://th-tool.by/klyuch-kombinirovannyy-15mm/...
2026-03-05 00:55:30,693 - [779/1000] 77.9% - https://th-tool.by/klyuch-kombinirovannyy-16mm/...
2026-03-05 00:55:43,970 - [780/1000] 78.0% - https://th-tool.by/klyuch-kombinirovannyy-17mm/...
2026-03-05 00:55:57,324 - [781/1000] 78.1% - https://th-tool.by/klyuch-kombinirovannyy-18mm/...
2026-03-05 00:56:10,522 - [782/1000] 78.2% - https://th-tool.by/klyuch-kombinirovannyy-19mm/...
2026-03-05 00:56:23,783 - [783/1000] 78.3% - https://th-tool.by/klyuch-kombinirovannyy-20mm/...
2026-03-05 00:56:37,048 - [784/1000] 78.4% - https://th-tool.by/klyuch-kombinirovannyy-21mm/...
2026-03-05 00:56:50,110 - [785/1000] 78.5% - https://th-tool.by/klyuch-kombinirovannyy-22mm/...
2026-03-05 00:57:03,315 - [786/1000] 78.6% - https://th-tool.by/klyuch-kombinirovannyy-23mm/...
2026-03-05 00:57:16,416 - [787/1000] 78.7% - https://th-tool.by/klyuch-kombinirovannyy-24mm/...
2026-03-05 00:57:29,583 - [788/1000] 78.8% - https://th-tool.by/klyuch-kombinirovannyy-27mm/...
2026-03-05 00:57:42,733 - [789/1000] 78.9% - https://th-tool.by/klyuch-kombinirovannyy-28mm/...
2026-03-05 00:57:55,774 - [790/1000] 79.0% - https://th-tool.by/klyuch-kombinirovannyy-30mm/...
2026-03-05 00:58:08,883 - [791/1000] 79.1% - https://th-tool.by/klyuch-kombinirovannyy-32mm/...
2026-03-05 00:58:21,866 - [792/1000] 79.2% - https://th-tool.by/nabor-klyuchey-rozhkovykh-8pr-6kh7-20kh22mm-v-plast...
2026-03-05 00:58:34,835 - [793/1000] 79.3% - https://th-tool.by/nabor-klyuchey-rozhkovykh-8pr-6kh7-20kh22mm-na-polo...
2026-03-05 00:58:47,701 - [794/1000] 79.4% - https://th-tool.by/nabor-klyuchey-rozhkovykh-12pr-6kh7-30kh32mm-v-plas...
2026-03-05 00:59:00,765 - [795/1000] 79.5% - https://th-tool.by/nabor-klyuchey-rozhkovykh-12pr-6kh7-30kh32mm-na-pol...
2026-03-05 00:59:13,816 - [796/1000] 79.6% - https://th-tool.by/klyuch-rozhkovyy-8kh9mm-v-prorezinennoy-opletke/...
2026-03-05 00:59:26,883 - [797/1000] 79.7% - https://th-tool.by/klyuch-rozhkovyy-10kh11mm-v-prorezinennoy-opletke/...
2026-03-05 00:59:39,927 - [798/1000] 79.8% - https://th-tool.by/klyuch-rozhkovyy-12kh13mm-v-prorezinennoy-opletke/...
2026-03-05 00:59:56,309 - [799/1000] 79.9% - https://th-tool.by/klyuch-rozhkovyy-14kh15mm-v-prorezinennoy-opletke/...
2026-03-05 00:59:59,899 - [800/1000] 80.0% - https://th-tool.by/klyuch-rozhkovyy-16kh17mm-v-prorezinennoy-opletke/...
2026-03-05 01:00:03,513 - 
--- Прогресс: 800/1000 | Успешно: 795 | Ошибки: 5 | Время: 171.7 мин ---

2026-03-05 01:00:03,513 - [801/1000] 80.1% - https://th-tool.by/klyuch-rozhkovyy-18kh19mm-v-prorezinennoy-opletke/...
2026-03-05 01:00:07,113 - [802/1000] 80.2% - https://th-tool.by/klyuch-rozhkovyy-20kh22mm-v-prorezinennoy-opletke/...
2026-03-05 01:00:10,730 - [803/1000] 80.3% - https://th-tool.by/bita-6-grannaya-h8kh75mm-10mm/...
2026-03-05 01:00:14,433 - [804/1000] 80.4% - https://th-tool.by/klyuch-rozhkovyy-25kh28mm-v-prorezinennoy-opletke/...
2026-03-05 01:00:18,091 - [805/1000] 80.5% - https://th-tool.by/klyuch-rozhkovyy-30kh32mm-v-prorezinennoy-opletke/...
2026-03-05 01:00:21,682 - [806/1000] 80.6% - https://th-tool.by/klyuch-rozhkovyy-8kh9mm/...
2026-03-05 01:00:25,348 - [807/1000] 80.7% - https://th-tool.by/klyuch-rozhkovyy-10kh11mm/...
2026-03-05 01:00:28,950 - [808/1000] 80.8% - https://th-tool.by/klyuch-rozhkovyy-12kh13mm/...
2026-03-05 01:00:32,961 - [809/1000] 80.9% - https://th-tool.by/klyuch-rozhkovyy-14kh15mm/...
2026-03-05 01:00:36,798 - [810/1000] 81.0% - https://th-tool.by/klyuch-rozhkovyy-16kh17mm/...
2026-03-05 01:00:40,452 - [811/1000] 81.1% - https://th-tool.by/klyuch-rozhkovyy-18kh19mm/...
2026-03-05 01:00:44,092 - [812/1000] 81.2% - https://th-tool.by/klyuch-rozhkovyy-20kh22mm/...
2026-03-05 01:00:47,764 - [813/1000] 81.3% - https://th-tool.by/klyuch-rozhkovyy-24kh27mm/...
2026-03-05 01:00:53,279 - [814/1000] 81.4% - https://th-tool.by/klyuch-rozhkovyy-30kh32mm/...
2026-03-05 01:00:57,206 - [815/1000] 81.5% - https://th-tool.by/nabor-klyuchey-kombinirovannykh-25pr-6-28-30-32mm-v...
2026-03-05 01:01:00,821 - [816/1000] 81.6% - https://th-tool.by/nabor-golovok-bit-torks-6pr-3-8/...
2026-03-05 01:01:04,587 - [817/1000] 81.7% - https://th-tool.by/korobka-peredach-k-shurupovertu-cda12v-li-ion/...
2026-03-05 01:01:08,762 - [818/1000] 81.8% - https://th-tool.by/motor-k-shurupovertu-cda12v-li-ion/...
2026-03-05 01:01:14,446 - [819/1000] 81.9% - https://th-tool.by/vyklyuchatel-pitaniya-k-shurupovertu-cda12v-li-ion/...
2026-03-05 01:01:18,737 - [820/1000] 82.0% - https://th-tool.by/pereklyuchatel-k-shurupovertu-cda12v-li-ion/...
2026-03-05 01:01:22,354 - [821/1000] 82.1% - https://th-tool.by/korpus-k-shurupovertu-cda12v-li-ion/...
2026-03-05 01:01:26,203 - [822/1000] 82.2% - https://th-tool.by/korobka-peredach-k-shurupovertu-cda14-4v-li-ion/...
2026-03-05 01:01:29,815 - [823/1000] 82.3% - https://th-tool.by/motor-k-shurupovertu-cda14-4v-li-ion/...
2026-03-05 01:01:33,424 - [824/1000] 82.4% - https://th-tool.by/pereklyuchatel-k-shurupovertu-cda14-4v-li-ion/...
2026-03-05 01:01:37,032 - [825/1000] 82.5% - https://th-tool.by/vyklyuchatel-pitaniya-k-shurupovertu-cda14-4v-li-io...
2026-03-05 01:01:40,627 - [826/1000] 82.6% - https://th-tool.by/knopka-skorosti-k-shurupovertu-cda14-4v-li-ion/...
2026-03-05 01:01:44,233 - [827/1000] 82.7% - https://th-tool.by/korpus-k-shurupovertu-cda14-4v-li-ion/...
2026-03-05 01:01:47,833 - [828/1000] 82.8% - https://th-tool.by/korobka-peredach-k-shurupovertu-cda18v-li-ion/...
2026-03-05 01:01:51,441 - [829/1000] 82.9% - https://th-tool.by/motor-k-shurupovertu-cda18v-li-ion/...
2026-03-05 01:01:55,049 - [830/1000] 83.0% - https://th-tool.by/vyklyuchatel-pitaniya-k-shurupovertu-cda18v-li-ion/...
2026-03-05 01:01:58,651 - [831/1000] 83.1% - https://th-tool.by/knopka-skorosti-k-shurupovertu-cda18v-li-ion/...
2026-03-05 01:02:02,252 - [832/1000] 83.2% - https://th-tool.by/korpus-k-shurupovertu-cda18v-li-ion/...
2026-03-05 01:02:05,858 - [833/1000] 83.3% - https://th-tool.by/korobka-peredach-k-shurupovertu-cdm12v-ni-cd/...
2026-03-05 01:02:09,472 - [834/1000] 83.4% - https://th-tool.by/motor-k-shurupovertu-cdm12v-ni-cd/...
2026-03-05 01:02:13,072 - [835/1000] 83.5% - https://th-tool.by/knopka-skorosti-k-shurupovertu-cdm12v-ni-cd/...
2026-03-05 01:02:16,686 - [836/1000] 83.6% - https://th-tool.by/korpus-k-shurupovertu-cdm12v-ni-cd/...
2026-03-05 01:02:20,279 - [837/1000] 83.7% - https://th-tool.by/pereklyuchatel-k-shurupovertu-cdm12v-ni-cd/...
2026-03-05 01:02:23,892 - [838/1000] 83.8% - https://th-tool.by/vyklyuchatel-pitaniya-k-shurupovertu-cdm12v-ni-cd/...
2026-03-05 01:02:27,498 - [839/1000] 83.9% - https://th-tool.by/udarnyy-mekhanizm-k-udarnomu-gaykovertu-wr24-450p/...
2026-03-05 01:02:31,271 - [840/1000] 84.0% - https://th-tool.by/rotor-k-udarnomu-gaykovertu-wr24-450p/...
2026-03-05 01:04:34,447 - [841/1000] 84.1% - https://th-tool.by/stator-k-udarnomu-gaykovertu-wr24-450p/...
2026-03-05 01:04:38,856 - [842/1000] 84.2% - https://th-tool.by/ugolnaya-shchetka-k-udarnomu-gaykovertu-wr24-450p-2...
2026-03-05 01:04:43,234 - [843/1000] 84.3% - https://th-tool.by/derzhatel-ugolnoy-shchetki-k-udarnomu-gaykovertu-wr...
2026-03-05 01:04:47,666 - [844/1000] 84.4% - https://th-tool.by/bita-torx-s-otverstiem-t45kh25mm-1-4/...
2026-03-05 01:04:52,061 - [845/1000] 84.5% - https://th-tool.by/korpus-k-udarnomu-gaykovertu-wr24-450p/...
2026-03-05 01:04:56,480 - [846/1000] 84.6% - https://th-tool.by/korobka-peredach-k-dreli-shurupovertu-id13-400p/...
2026-03-05 01:05:00,861 - [847/1000] 84.7% - https://th-tool.by/rotor-k-dreli-shurupovertu-id13-400p/...
2026-03-05 01:05:05,265 - [848/1000] 84.8% - https://th-tool.by/stator-k-dreli-shurupovertu-id13-400p/...
2026-03-05 01:05:09,657 - [849/1000] 84.9% - https://th-tool.by/ugolnaya-shchetka-k-dreli-shurupovertu-id13-400p-2s...
2026-03-05 01:05:14,056 - [850/1000] 85.0% - https://th-tool.by/knopka-skorosti-k-dreli-shurupovertu-id13-400p/...
2026-03-05 01:05:18,441 - 
--- Прогресс: 850/1000 | Успешно: 795 | Ошибки: 55 | Время: 176.9 мин ---

2026-03-05 01:05:18,442 - [851/1000] 85.1% - https://th-tool.by/korpus-k-dreli-shurupovertu-id13-400p/...
2026-03-05 01:05:22,831 - [852/1000] 85.2% - https://th-tool.by/vyklyuchatel-pitaniya-k-dreli-shurupovertu-id13-400...
2026-03-05 01:05:27,208 - [853/1000] 85.3% - https://th-tool.by/kondensator-k-dreli-shurupovertu-id13-400p/...
2026-03-05 01:05:31,604 - [854/1000] 85.4% - https://th-tool.by/udarnyy-mekhanizm-k-perforatoru-rh26-980ecplus/...
2026-03-05 01:05:35,984 - [855/1000] 85.5% - https://th-tool.by/bolshoe-zubchatoe-koleso-k-perforatoru-rh26-980ecpl...
2026-03-05 01:05:40,375 - [856/1000] 85.6% - https://th-tool.by/diagonalnyy-mekhanizm-k-perforatoru-rh26-980ecplus/...
2026-03-05 01:05:44,772 - [857/1000] 85.7% - https://th-tool.by/rotor-k-perforatoru-rh26-980ecplus/...
2026-03-05 01:05:49,133 - [858/1000] 85.8% - https://th-tool.by/stator-k-perforatoru-rh26-980ecplus/...
2026-03-05 01:05:53,546 - [859/1000] 85.9% - https://th-tool.by/korpus-k-perforatoru-rh26-980ecplus/...
2026-03-05 01:05:57,951 - [860/1000] 86.0% - https://th-tool.by/induktsiya-k-perforatoru-rh26-980ecplus/...
2026-03-05 01:06:02,326 - [861/1000] 86.1% - https://th-tool.by/kondensator-k-perforatoru-rh26-980ecplus/...
2026-03-05 01:06:06,713 - [862/1000] 86.2% - https://th-tool.by/bita-torx-s-otverstiem-t50kh25mm-1-4/...
2026-03-05 01:06:11,099 - [863/1000] 86.3% - https://th-tool.by/vyklyuchatel-pitaniya-k-perforatoru-rh26-980ecplus/...
2026-03-05 01:06:15,487 - [864/1000] 86.4% - https://th-tool.by/136268-akkum-drel-hammer-acd142li-1-3-premium-14-4v...
2026-03-05 01:06:19,889 - [865/1000] 86.5% - https://th-tool.by/nabor-bit-torks-s-bitoderzhatelem-9pr-3-8-t20-t25-t...
2026-03-05 01:06:24,286 - [866/1000] 86.6% - https://th-tool.by/golovka-dlya-litykh-diskov-s-zashchitnym-kozhukhom-...
2026-03-05 01:06:28,678 - [867/1000] 86.7% - https://th-tool.by/klyuch-kombinirovannyy-treshchotochnyy-s-sharnirom-...
2026-03-05 01:06:33,064 - [868/1000] 86.8% - https://th-tool.by/klyuch-kombinirovannyy-treshchotochnyy-s-sharnirom-...
2026-03-05 01:06:37,473 - [869/1000] 86.9% - https://th-tool.by/klyuch-kombinirovannyy-treshchotochnyy-s-sharnirom-...
2026-03-05 01:06:41,873 - [870/1000] 87.0% - https://th-tool.by/klyuch-kombinirovannyy-treshchotochnyy-s-sharnirom-...
2026-03-05 01:06:46,270 - [871/1000] 87.1% - https://th-tool.by/elektrod-svarochnyy-kobatek-213-3-2kh350-tubus-2kg-...
2026-03-05 01:06:50,648 - [872/1000] 87.2% - https://th-tool.by/klyuch-kombinirovannyy-treshchotochnyy-s-sharnirom-...
2026-03-05 01:06:55,024 - [873/1000] 87.3% - https://th-tool.by/klyuch-kombinirovannyy-treshchotochnyy-s-sharnirom-...
2026-03-05 01:06:59,414 - [874/1000] 87.4% - https://th-tool.by/klyuch-kombinirovannyy-treshchotochnyy-s-sharnirom-...
2026-03-05 01:07:03,796 - [875/1000] 87.5% - https://th-tool.by/golovka-bita-krestoobraznaya-pz-3-1-4/...
2026-03-05 01:07:08,201 - [876/1000] 87.6% - https://th-tool.by/svarochnyy-apparat-inverter-251-ultra-pfc-380v-10-2...
2026-03-05 01:07:12,606 - [877/1000] 87.7% - https://th-tool.by/bita-6-grannaya-h10kh75mm-10mm/...
2026-03-05 01:07:17,007 - [878/1000] 87.8% - https://th-tool.by/komplekt-nakonechnikov-dlya-propanovoy-gorelki-3-15...
2026-03-05 01:07:21,413 - [879/1000] 87.9% - https://th-tool.by/36724-bita-hammer-flex-203-101-pb-ph-1-25mm-1pc-tin...
2026-03-05 01:07:25,799 - [880/1000] 88.0% - https://th-tool.by/36727-bita-hammer-flex-203-106-pb-ph-3-25mm-1pc-tin...
2026-03-05 01:07:30,164 - [881/1000] 88.1% - https://th-tool.by/36734-bita-hammer-flex-203-123-pb-pz-2-25mm-1pc-tin...
2026-03-05 01:07:34,535 - [882/1000] 88.2% - https://th-tool.by/bita-torx-t30kh30mm-10mm/...
2026-03-05 01:07:38,928 - [883/1000] 88.3% - https://th-tool.by/62188-nasadka-polirovalnaya-hammer-flex-227-012-pd-...
2026-03-05 01:07:43,329 - [884/1000] 88.4% - https://th-tool.by/54195-maslo-hammer-flex-501-015-transmissionnoe-1-0...
2026-03-05 01:07:47,737 - [885/1000] 88.5% - https://th-tool.by/44710-nabor-aksessuarov-hammer-flex-219-002-md-ac-2...
2026-03-05 01:07:52,141 - [886/1000] 88.6% - https://th-tool.by/54493-nabor-shliflistov-hammer-flex-220-003-mf-ac-0...
2026-03-05 01:07:56,532 - [887/1000] 88.7% - https://th-tool.by/54514-polotno-dlya-mfi-hammer-flex-220-020-mf-ac-02...
2026-03-05 01:08:00,925 - [888/1000] 88.8% - https://th-tool.by/54516-polotno-dlya-mfi-hammer-flex-220-021-mf-ac-02...
2026-03-05 01:08:05,348 - [889/1000] 88.9% - https://th-tool.by/54513-polotno-dlya-mfi-hammer-flex-220-023-mf-ac-02...
2026-03-05 01:08:09,741 - [890/1000] 89.0% - https://th-tool.by/58801-polotno-dlya-sabelnykh-pil-hammer-flex-225-00...
2026-03-05 01:08:14,146 - [891/1000] 89.1% - https://th-tool.by/58809-polotno-dlya-sabelnykh-pil-hammer-flex-225-01...
2026-03-05 01:08:18,527 - [892/1000] 89.2% - https://th-tool.by/37080-nabor-sverl-hammer-flex-202-906-dr-set-no6-5p...
2026-03-05 01:08:22,924 - [893/1000] 89.3% - https://th-tool.by/37075-nabor-sverl-hammer-flex-202-912-dr-set-no12-h...
2026-03-05 01:08:27,352 - [894/1000] 89.4% - https://th-tool.by/bita-torx-t40kh30mm-10mm/...
2026-03-05 01:08:31,731 - [895/1000] 89.5% - https://th-tool.by/37081-nabor-sverl-hammer-flex-202-913-dr-set-no13-h...
2026-03-05 01:08:36,139 - [896/1000] 89.6% - https://th-tool.by/37082-nabor-sverl-hammer-flex-202-914-dr-set-no14-h...
2026-03-05 01:08:40,533 - [897/1000] 89.7% - https://th-tool.by/362922-bita-hammer-flex-203-164-ph-3-50mm-2sht/...
2026-03-05 01:08:44,916 - [898/1000] 89.8% - https://th-tool.by/bita-12-luchevaya-spline-m6kh30mm-10mm/...
2026-03-05 01:08:49,326 - [899/1000] 89.9% - https://th-tool.by/bita-12-luchevaya-spline-m8kh30mm-10mm/...
2026-03-05 01:08:53,728 - [900/1000] 90.0% - https://th-tool.by/62231-nabor-koltsevykh-pil-hammer-flex-224-204-dr-c...
2026-03-05 01:08:58,129 - 
--- Прогресс: 900/1000 | Успешно: 795 | Ошибки: 105 | Время: 180.6 мин ---

2026-03-05 01:08:58,129 - [901/1000] 90.1% - https://th-tool.by/62189-nasadka-polirovalnaya-hammer-flex-227-013-pd-...
2026-03-05 01:09:02,530 - [902/1000] 90.2% - https://th-tool.by/62192-nasadka-polirovalnaya-hammer-flex-227-016-pd-...
2026-03-05 01:09:06,930 - [903/1000] 90.3% - https://th-tool.by/semnik-sharovykh-opor-vwt4/...
2026-03-05 01:09:11,493 - [904/1000] 90.4% - https://th-tool.by/29435-krug-lepestkovyy-tortsevoy-klt-hammer-flex-21...
2026-03-05 01:09:15,886 - [905/1000] 90.5% - https://th-tool.by/bokorezy-diagonalnye-6-150mm/...
2026-03-05 01:09:20,289 - [906/1000] 90.6% - https://th-tool.by/29407-shlif-krug-samostsepl-hammer-flex-214-005-d12...
2026-03-05 01:09:24,666 - [907/1000] 90.7% - https://th-tool.by/54385-shlif-krug-samostsepl-hammer-flex-214-008-d12...
2026-03-05 01:09:29,056 - [908/1000] 90.8% - https://th-tool.by/54386-shlif-krug-samostsepl-hammer-flex-214-009-d12...
2026-03-05 01:09:33,468 - [909/1000] 90.9% - https://th-tool.by/bokorezy-diagonalnye-8-200mm/...
2026-03-05 01:09:37,849 - [910/1000] 91.0% - https://th-tool.by/62829-nabor-sverl-hammer-flex-202-906-dr-set-no6-5p...
2026-03-05 01:09:42,228 - [911/1000] 91.1% - https://th-tool.by/domkrat-podkatnoy-gidravlicheskiy-3-t/...
2026-03-05 01:09:46,593 - [912/1000] 91.2% - https://th-tool.by/34001-skoby-dlya-steplera-hammer-flex-215-001-12mm-...
2026-03-05 01:09:50,974 - [913/1000] 91.3% - https://th-tool.by/251603-nabor-osnastki-dlya-dreli-keys/...
2026-03-05 01:09:55,347 - [914/1000] 91.4% - https://th-tool.by/klyuch-kombinirovannyy-treshchotochnyy-s-sharnirom-...
2026-03-05 01:09:59,732 - [915/1000] 91.5% - https://th-tool.by/klyuch-kombinirovannyy-treshchotochnyy-s-sharnirom-...
2026-03-05 01:10:04,117 - [916/1000] 91.6% - https://th-tool.by/klyuch-kombinirovannyy-treshchotochnyy-s-sharnirom-...
2026-03-05 01:10:08,528 - [917/1000] 91.7% - https://th-tool.by/klyuch-kombinirovannyy-treshchotochnyy-s-sharnirom-...
2026-03-05 01:10:12,919 - [918/1000] 91.8% - https://th-tool.by/domkrat-podkatnoy-gidravlicheskiy-dvukhporshnevoy-4...
2026-03-05 01:10:17,307 - [919/1000] 91.9% - https://th-tool.by/klyuch-kombinirovannyy-treshchotochnyy-s-sharnirom-...
2026-03-05 01:10:21,712 - [920/1000] 92.0% - https://th-tool.by/klyuch-kombinirovannyy-treshchotochnyy-s-sharnirom-...
2026-03-05 01:10:26,102 - [921/1000] 92.1% - https://th-tool.by/klyuch-kombinirovannyy-treshchotochnyy-s-sharnirom-...
2026-03-05 01:10:30,486 - [922/1000] 92.2% - https://th-tool.by/klyuch-kombinirovannyy-treshchotochnyy-s-sharnirom-...
2026-03-05 01:10:34,870 - [923/1000] 92.3% - https://th-tool.by/klyuch-kombinirovannyy-treshchotochnyy-s-sharnirom-...
2026-03-05 01:10:39,248 - [924/1000] 92.4% - https://th-tool.by/klyuch-kombinirovannyy-treshchotochnyy-s-sharnirom-...
2026-03-05 01:10:43,624 - [925/1000] 92.5% - https://th-tool.by/klyuch-kombinirovannyy-treshchotochnyy-11mm/...
2026-03-05 01:10:48,027 - [926/1000] 92.6% - https://th-tool.by/klyuch-kombinirovannyy-treshchotochnyy-21mm/...
2026-03-05 01:10:52,456 - [927/1000] 92.7% - https://th-tool.by/klyuch-razreznoy-8kh10mm/...
2026-03-05 01:10:56,844 - [928/1000] 92.8% - https://th-tool.by/golovka-smennaya-s15kh10/...
2026-03-05 01:11:01,230 - [929/1000] 92.9% - https://th-tool.by/golovka-smennaya-s17kh10/...
2026-03-05 01:11:05,629 - [930/1000] 93.0% - https://th-tool.by/golovka-smennaya-s19kh10/...
2026-03-05 01:11:09,994 - [931/1000] 93.1% - https://th-tool.by/golovka-smennaya-s22kh10/...
2026-03-05 01:11:14,366 - [932/1000] 93.2% - https://th-tool.by/golovka-smennaya-s11kh12-5/...
2026-03-05 01:11:18,737 - [933/1000] 93.3% - https://th-tool.by/golovka-smennaya-s12kh12-5/...
2026-03-05 01:11:23,156 - [934/1000] 93.4% - https://th-tool.by/klyuch-razreznoy-9kh11mm/...
2026-03-05 01:11:27,515 - [935/1000] 93.5% - https://th-tool.by/golovka-smennaya-s22kh12-5/...
2026-03-05 01:11:31,880 - [936/1000] 93.6% - https://th-tool.by/klyuch-kombinirovannyy-treshchotochnyy-24mm/...
2026-03-05 01:11:36,264 - [937/1000] 93.7% - https://th-tool.by/klyuch-razreznoy-10kh11mm/...
2026-03-05 01:11:40,615 - [938/1000] 93.8% - https://th-tool.by/klyuch-kombinirovannyy-treshchotochnyy-27mm/...
2026-03-05 01:11:45,012 - [939/1000] 93.9% - https://th-tool.by/klyuch-kombinirovannyy-treshchotochnyy-30mm/...
2026-03-05 01:11:49,366 - [940/1000] 94.0% - https://th-tool.by/klyuch-kombinirovannyy-treshchotochnyy-32mm/...
2026-03-05 01:11:53,757 - [941/1000] 94.1% - https://th-tool.by/nabor-klyuchey-kombinirovannykh-treshchotochnykh-11...
2026-03-05 01:11:58,148 - [942/1000] 94.2% - https://th-tool.by/golovka-bita-6-grannaya-5mm-1-2-l-100mm/...
2026-03-05 01:12:02,528 - [943/1000] 94.3% - https://th-tool.by/nabor-klyuchey-kombinirovannykh-treshchotochnykh-9p...
2026-03-05 01:12:06,934 - [944/1000] 94.4% - https://th-tool.by/nabor-klyuchey-kombinirovannykh-treshchotochnykh-s-...
2026-03-05 01:12:11,292 - [945/1000] 94.5% - https://th-tool.by/golovka-bita-6-grannaya-6mm-1-2-l-100mm/...
2026-03-05 01:12:15,684 - [946/1000] 94.6% - https://th-tool.by/nabor-klyuchey-kombinirovannykh-treshchotochnykh-s-...
2026-03-05 01:12:20,023 - [947/1000] 94.7% - https://th-tool.by/golovka-bita-6-grannaya-7mm-1-2-l-100mm/...
2026-03-05 01:12:24,364 - [948/1000] 94.8% - https://th-tool.by/golovka-bita-6-grannaya-8mm-1-2-l-100mm/...
2026-03-05 01:12:28,731 - [949/1000] 94.9% - https://th-tool.by/klyuch-rozhkovyy-8kh9mm_1/...
2026-03-05 01:12:33,142 - [950/1000] 95.0% - https://th-tool.by/golovka-bita-6-grannaya-14mm-1-2-l-100mm/...
2026-03-05 01:12:37,516 - 
--- Прогресс: 950/1000 | Успешно: 795 | Ошибки: 155 | Время: 184.2 мин ---

2026-03-05 01:12:37,516 - [951/1000] 95.1% - https://th-tool.by/klyuch-rozhkovyy-10kh11mm_1/...
2026-03-05 01:12:41,884 - [952/1000] 95.2% - https://th-tool.by/klyuch-rozhkovyy-12kh13mm_1/...
2026-03-05 01:12:46,288 - [953/1000] 95.3% - https://th-tool.by/klyuch-rozhkovyy-13kh17mm/...
2026-03-05 01:12:50,629 - [954/1000] 95.4% - https://th-tool.by/klyuch-rozhkovyy-14kh15mm_1/...
2026-03-05 01:12:55,020 - [955/1000] 95.5% - https://th-tool.by/klyuch-rozhkovyy-16kh17mm_1/...
2026-03-05 01:12:59,372 - [956/1000] 95.6% - https://th-tool.by/klyuch-rozhkovyy-17kh19mm/...
2026-03-05 01:13:03,750 - [957/1000] 95.7% - https://th-tool.by/klyuch-rozhkovyy-18kh19mm_1/...
2026-03-05 01:13:08,167 - [958/1000] 95.8% - https://th-tool.by/klyuch-rozhkovyy-19kh22mm/...
2026-03-05 01:13:12,529 - [959/1000] 95.9% - https://th-tool.by/klyuch-rozhkovyy-20kh22mm_1/...
2026-03-05 01:13:16,941 - [960/1000] 96.0% - https://th-tool.by/klyuch-rozhkovyy-21kh23mm/...
2026-03-05 01:13:21,320 - [961/1000] 96.1% - https://th-tool.by/klyuch-rozhkovyy-22kh24mm/...
2026-03-05 01:13:25,710 - [962/1000] 96.2% - https://th-tool.by/klyuch-rozhkovyy-30kh32mm_1/...
2026-03-05 01:13:30,084 - [963/1000] 96.3% - https://th-tool.by/klyuch-rozhkovyy-32kh36mm/...
2026-03-05 01:13:34,460 - [964/1000] 96.4% - https://th-tool.by/klyuch-rozhkovyy-36kh41mm/...
2026-03-05 01:13:38,842 - [965/1000] 96.5% - https://th-tool.by/klyuch-rozhkovyy-46kh50mm/...
2026-03-05 01:13:43,222 - [966/1000] 96.6% - https://th-tool.by/nabor-klyuchey-rozhkovykh-8pr-8kh9-10kh11-12kh13-14...
2026-03-05 01:13:47,585 - [967/1000] 96.7% - https://th-tool.by/nabor-klyuchey-rozhkovykh-10pr-8kh10-9kh11-12kh13-1...
2026-03-05 01:13:51,995 - [968/1000] 96.8% - https://th-tool.by/klyuchi-rozhkovye-nabor-12pr-6kh7-8kh9-10kh11-12kh1...
2026-03-05 01:13:56,386 - [969/1000] 96.9% - https://th-tool.by/klyuch-nakidnoy-otognutyy-na-75grd-8kh9mm/...
2026-03-05 01:14:00,786 - [970/1000] 97.0% - https://th-tool.by/klyuch-nakidnoy-otognutyy-na-75grd-8kh10mm/...
2026-03-05 01:14:05,155 - [971/1000] 97.1% - https://th-tool.by/klyuch-nakidnoy-otognutyy-na-75grd-10kh11mm/...
2026-03-05 01:14:09,525 - [972/1000] 97.2% - https://th-tool.by/klyuch-nakidnoy-otognutyy-na-75grd-10kh12mm/...
2026-03-05 01:14:13,883 - [973/1000] 97.3% - https://th-tool.by/klyuch-nakidnoy-otognutyy-na-75grd-12kh13mm/...
2026-03-05 01:14:18,277 - [974/1000] 97.4% - https://th-tool.by/klyuch-nakidnoy-otognutyy-na-75grd-14kh15mm/...
2026-03-05 01:14:22,641 - [975/1000] 97.5% - https://th-tool.by/klyuch-nakidnoy-otognutyy-na-75grd-16kh17mm/...
2026-03-05 01:14:27,011 - [976/1000] 97.6% - https://th-tool.by/klyuch-nakidnoy-otognutyy-na-75grd-18kh19mm/...
2026-03-05 01:14:31,403 - [977/1000] 97.7% - https://th-tool.by/klyuch-nakidnoy-otognutyy-na-75grd-19kh22mm/...
2026-03-05 01:14:35,775 - [978/1000] 97.8% - https://th-tool.by/klyuch-nakidnoy-otognutyy-na-75grd-20kh22mm/...
2026-03-05 01:14:40,153 - [979/1000] 97.9% - https://th-tool.by/klyuch-nakidnoy-otognutyy-na-75grd-21kh23mm/...
2026-03-05 01:14:44,519 - [980/1000] 98.0% - https://th-tool.by/klyuch-nakidnoy-otognutyy-na-75grd-22kh24mm/...
2026-03-05 01:14:48,878 - [981/1000] 98.1% - https://th-tool.by/klyuch-nakidnoy-otognutyy-na-75grd-24kh27mm/...
2026-03-05 01:14:53,273 - [982/1000] 98.2% - https://th-tool.by/klyuch-nakidnoy-otognutyy-na-75grd-30kh32mm/...
2026-03-05 01:14:57,666 - [983/1000] 98.3% - https://th-tool.by/klyuch-nakidnoy-otognutyy-na-75grd-32kh36mm/...
2026-03-05 01:15:02,037 - [984/1000] 98.4% - https://th-tool.by/klyuch-nakidnoy-otognutyy-na-75grd-36kh41mm/...
2026-03-05 01:15:06,489 - [985/1000] 98.5% - https://th-tool.by/klyuch-nakidnoy-otognutyy-na-75grd-46kh50mm/...
2026-03-05 01:15:10,895 - [986/1000] 98.6% - https://th-tool.by/nabor-klyuchey-nakidnykh-ye-profil-4pr-ye6khye8-ye1...
2026-03-05 01:15:15,308 - [987/1000] 98.7% - https://th-tool.by/otvertka-udarnaya-s-naborom-bit-i-adapterom-6pr-1-2...
2026-03-05 01:15:19,673 - [988/1000] 98.8% - https://th-tool.by/otvertka-udarnaya-s-naborom-bit-i-adapterami-17pr-1...
2026-03-05 01:15:24,070 - [989/1000] 98.9% - https://th-tool.by/golovka-glubokaya-10mm-6gr-1-2_1/...
2026-03-05 01:15:28,477 - [990/1000] 99.0% - https://th-tool.by/klyuch-razreznoy-10kh12mm/...
2026-03-05 01:15:32,852 - [991/1000] 99.1% - https://th-tool.by/golovka-glubokaya-11mm-6gr-1-2_1/...
2026-03-05 01:15:37,182 - [992/1000] 99.2% - https://th-tool.by/golovka-glubokaya-12mm-6gr-1-2/...
2026-03-05 01:15:41,561 - [993/1000] 99.3% - https://th-tool.by/golovka-glubokaya-13mm-6gr-1-2/...
2026-03-05 01:15:45,908 - [994/1000] 99.4% - https://th-tool.by/golovka-glubokaya-14mm-6gr-1-2_1/...
2026-03-05 01:15:50,288 - [995/1000] 99.5% - https://th-tool.by/golovka-glubokaya-15mm-6gr-1-2/...
2026-03-05 01:15:54,659 - [996/1000] 99.6% - https://th-tool.by/golovka-glubokaya-16mm-6gr-1-2/...
2026-03-05 01:17:24,477 - [997/1000] 99.7% - https://th-tool.by/golovka-glubokaya-17mm-6gr-1-2/...
2026-03-05 01:17:24,820 - [998/1000] 99.8% - https://th-tool.by/golovka-glubokaya-18mm-6gr-1-2/...
2026-03-05 01:17:25,182 - [999/1000] 99.9% - https://th-tool.by/golovka-glubokaya-19mm-6gr-1-2/...
2026-03-05 01:17:25,711 - [1000/1000] 100.0% - https://th-tool.by/golovka-glubokaya-21mm-6gr-1-2/...
2026-03-05 01:17:26,769 - 
--- Прогресс: 1000/1000 | Успешно: 795 | Ошибки: 205 | Время: 189.1 мин ---

2026-03-05 01:17:26,769 - 
============================================================
2026-03-05 01:17:26,769 - ПАРСИНГ ЗАВЕРШЕН!
2026-03-05 01:17:26,769 - Всего: 1000
2026-03-05 01:17:26,772 - ============================================================
