2026-03-04 21:55:46,962 - ============================================================
2026-03-04 21:55:46,962 - ПАРСИНГ TH-TOOL.BY - 1000 ТОВАРОВ
2026-03-04 21:55:46,962 - ============================================================
2026-03-04 21:55:46,963 - Получение URL из sitemap (лимит: 1000)...
2026-03-04 21:55:48,391 - [1/1000] 0.1% - https://th-tool.by/o-nas/...
2026-03-04 21:55:48,710 - [2/1000] 0.2% - https://th-tool.by/instruktsii/cooperation/...
2026-03-04 21:55:49,059 - [3/1000] 0.3% - https://th-tool.by/dealers/...
2026-03-04 21:55:49,407 - [4/1000] 0.4% - https://th-tool.by/garantii/...
2026-03-04 21:55:49,755 - [5/1000] 0.5% - https://th-tool.by/dostavka/...
2026-03-04 21:55:50,103 - [6/1000] 0.6% - https://th-tool.by/kontakty/...
2026-03-04 21:55:50,451 - [7/1000] 0.7% - https://th-tool.by/service-center/...
2026-03-04 21:55:50,799 - [8/1000] 0.8% - https://th-tool.by/obligatsii/...
2026-03-04 21:55:51,147 - [9/1000] 0.9% - https://th-tool.by/politika/...
2026-03-04 21:55:51,495 - [10/1000] 1.0% - https://th-tool.by/grafik-postavok/...
2026-03-04 21:55:51,842 - [11/1000] 1.1% - https://th-tool.by/zhurnaly/...
2026-03-04 21:55:52,191 - [12/1000] 1.2% - https://th-tool.by/instruktsii/...
2026-03-04 21:55:52,539 - [13/1000] 1.3% - https://th-tool.by/hit-sale/...
2026-03-04 21:55:52,887 - [14/1000] 1.4% - https://th-tool.by/utsenka/...
2026-03-04 21:55:53,235 - [15/1000] 1.5% - https://th-tool.by/manzhety-dlya-trd55002/...
2026-03-04 21:55:53,582 - [16/1000] 1.6% - https://th-tool.by/manzhety-dlya-trd54501/...
2026-03-04 21:55:53,930 - [17/1000] 1.7% - https://th-tool.by/torsionnaya-pruzhina-25-dlya-t82256/...
2026-03-04 21:55:54,279 - [18/1000] 1.8% - https://th-tool.by/manzhety-dlya-trk1500-4/...
2026-03-04 21:55:54,627 - [19/1000] 1.9% - https://th-tool.by/manzhety-dlya-t83505/...
2026-03-04 21:55:54,975 - [20/1000] 2.0% - https://th-tool.by/manzhety-dlya-t51003/...
2026-03-04 21:55:55,323 - [21/1000] 2.1% - https://th-tool.by/manzhety-dlya-t90504/...
2026-03-04 21:55:55,670 - [22/1000] 2.2% - https://th-tool.by/manzhety-dlya-t91204/...
2026-03-04 21:55:56,019 - [23/1000] 2.3% - https://th-tool.by/manzhety-dlya-t91504/...
2026-03-04 21:55:56,367 - [24/1000] 2.4% - https://th-tool.by/manzhety-dlya-t93007/...
2026-03-04 21:55:56,714 - [25/1000] 2.5% - https://th-tool.by/vorotok-t-obraznyy-250mm-1-2/...
2026-03-04 21:55:57,062 - [26/1000] 2.6% - https://th-tool.by/manzhety-dlya-t30306/...
2026-03-04 21:55:57,410 - [27/1000] 2.7% - https://th-tool.by/manzhety-dlya-t820013/...
2026-03-04 21:55:57,758 - [28/1000] 2.8% - https://th-tool.by/komplekt-sopel-dlya-peskostruynogo-pistoleta-artiku...
2026-03-04 21:55:58,107 - [29/1000] 2.9% - https://th-tool.by/indikator-davleniya-tsifrovoy-dlya-pnevmo-sistem/...
2026-03-04 21:55:58,454 - [30/1000] 3.0% - https://th-tool.by/pistolet-dlya-podkachki-shin-s-tsifrovym-indikatoro...
2026-03-04 21:55:58,803 - [31/1000] 3.1% - https://th-tool.by/shlang-neylonovyy-7-5-x-10mm-x-1-metr-dlya-vozdukha...
2026-03-04 21:55:59,150 - [32/1000] 3.2% - https://th-tool.by/bystrorazem-pnevmaticheskiy-s-klapanom-s-vnutrenney...
2026-03-04 21:55:59,500 - [33/1000] 3.3% - https://th-tool.by/bystrorazem-pnevmaticheskiy-s-klapanom-s-naruzhnoy-...
2026-03-04 21:55:59,852 - [34/1000] 3.4% - https://th-tool.by/bystrorazem-pnevmaticheskiy-s-klapanom-elochka-8mm-...
2026-03-04 21:56:00,203 - [35/1000] 3.5% - https://th-tool.by/remen-dlya-balansirovochnogo-stanka/...
2026-03-04 21:56:00,551 - [36/1000] 3.6% - https://th-tool.by/nasadka-dlya-litykh-diskov-k-t-4-sht/...
2026-03-04 21:56:00,898 - [37/1000] 3.7% - https://th-tool.by/klapan-k-hdv-3050/...
2026-03-04 21:56:01,246 - [38/1000] 3.8% - https://th-tool.by/manzheta_6/...
2026-03-04 21:56:01,595 - [39/1000] 3.9% - https://th-tool.by/knopka_1/...
2026-03-04 21:56:01,942 - [40/1000] 4.0% - https://th-tool.by/panel-upravleniya-balasirovochnogo-stanka-ee380d/...
2026-03-04 21:56:02,291 - [41/1000] 4.1% - https://th-tool.by/golovka-torks-glubokaya-e20-1-2/...
2026-03-04 21:56:02,638 - [42/1000] 4.2% - https://th-tool.by/tros-4-kh-stoechnogo-podemnika-stoyka-iii-l-10500mm...
2026-03-04 21:56:02,987 - [43/1000] 4.3% - https://th-tool.by/kryshka-podemnika-s-rolikom/...
2026-03-04 21:56:03,334 - [44/1000] 4.4% - https://th-tool.by/golovka-torks-glubokaya-e24-1-2/...
2026-03-04 21:56:03,683 - [45/1000] 4.5% - https://th-tool.by/razvetvitel-t-obraznyy-elochka-18mm/...
2026-03-04 21:56:04,031 - [46/1000] 4.6% - https://th-tool.by/razvetvitel-t-obraznyy-elochka-20mm/...
2026-03-04 21:56:04,378 - [47/1000] 4.7% - https://th-tool.by/razvetvitel-y-obraznyy-elochka-16mm/...
2026-03-04 21:56:04,729 - [48/1000] 4.8% - https://th-tool.by/razvetvitel-x-obraznyy-elochka-16mm/...
2026-03-04 21:56:05,079 - [49/1000] 4.9% - https://th-tool.by/razvetvitel-x-obraznyy-elochka-20mm/...
2026-03-04 21:56:05,426 - [50/1000] 5.0% - https://th-tool.by/trubka-stekloarmirovannaya-krasnaya-s-pokrytiem-akr...
2026-03-04 21:56:05,774 - 
--- Прогресс: 50/1000 | Успешно: 0 | Ошибки: 50 | Время: 0.3 мин ---

2026-03-04 21:56:05,775 - [51/1000] 5.1% - https://th-tool.by/organayzer-tkanevyy-dlya-nabora-klyuchey-14pr/...
2026-03-04 21:56:06,122 - [52/1000] 5.2% - https://th-tool.by/klyuch-balonnyy-dvustoronniy-usilennyy-33x36-l-400m...
2026-03-04 21:56:06,471 - [53/1000] 5.3% - https://th-tool.by/klyuch-balonnyy-dvustoronniy-usilennyy-33x36-l-400m...
2026-03-04 21:56:06,818 - [54/1000] 5.4% - https://th-tool.by/klyuch-balonnyy-dvustoronniy-usilennyy-33x36-l-400m...
2026-03-04 21:56:07,167 - [55/1000] 5.5% - https://th-tool.by/perchatki-kh-b-s-pvkh-10-klass-10par/...
2026-03-04 21:56:07,513 - [56/1000] 5.6% - https://th-tool.by/perchatki-trik-kh-b-7kl-s-pvkh-chernye-art-50-10par...
2026-03-04 21:56:07,862 - [57/1000] 5.7% - https://th-tool.by/botinki-art-3208-r-42/...
2026-03-04 21:56:08,210 - [58/1000] 5.8% - https://th-tool.by/kostyum-standart-2-sop-siniy-s-vasil-kurtka-polukom...
2026-03-04 21:56:08,559 - [59/1000] 5.9% - https://th-tool.by/ochki-zashchitnye-panoramnye-istok-yevro-art-40012/...
2026-03-04 21:56:08,910 - [60/1000] 6.0% - https://th-tool.by/semnik-maslyanogo-filtra-kryshka-76mm-kh-12gr-v-bli...
2026-03-04 21:56:09,259 - [61/1000] 6.1% - https://th-tool.by/semnik-maslyanogo-filtra-kryshka-75mm-kh-15gr/...
2026-03-04 21:56:09,606 - [62/1000] 6.2% - https://th-tool.by/stul-lezhak-transformer-podkatnoy-na-6-ti-kolesakh-...
2026-03-04 21:56:09,954 - [63/1000] 6.3% - https://th-tool.by/nakidka-zashchitnaya-magnitnaya-na-krylo-avtomobily...
2026-03-04 21:56:10,302 - [64/1000] 6.4% - https://th-tool.by/nabor-instrumentov-dlya-ruchnogo-montazha-demontazh...
2026-03-04 21:56:10,650 - [65/1000] 6.5% - https://th-tool.by/nabor-golovok-spetsialnykh-dlya-shlitsevykh-gaek-11...
2026-03-04 21:56:10,998 - [66/1000] 6.6% - https://th-tool.by/nabor-dlya-snyatiya-shkivov-generatorov-18pr-1-2-m1...
2026-03-04 21:56:11,346 - [67/1000] 6.7% - https://th-tool.by/nabor-fiksatorov-dlya-obsluzhivaniya-dvigateley-rov...
2026-03-04 21:56:11,694 - [68/1000] 6.8% - https://th-tool.by/nakidka-zashchitnaya-magnitnaya-na-krylo-avtomobily...
2026-03-04 21:56:12,042 - [69/1000] 6.9% - https://th-tool.by/nabor-instrumentov-udarnykh-1-2-10pr-10-12-13-14-17...
2026-03-04 21:56:12,390 - [70/1000] 7.0% - https://th-tool.by/vorotok-g-obraznyy-dvukhstoronniy-udarnyy-cr-mo-300...
2026-03-04 21:56:12,738 - [71/1000] 7.1% - https://th-tool.by/vorotok-g-obraznyy-dvukhstoronniy-udarnyy-cr-mo-460...
2026-03-04 21:56:13,086 - [72/1000] 7.2% - https://th-tool.by/udlinitel-udarnyy-cr-mo-250mm-1-2_2/...
2026-03-04 21:56:13,434 - [73/1000] 7.3% - https://th-tool.by/udlinitel-udarnyy-cr-mo-75mm-1-2/...
2026-03-04 21:56:13,782 - [74/1000] 7.4% - https://th-tool.by/klyuch-razvodnoy-10-250mm-zakhvat-0-30mm/...
2026-03-04 21:56:14,129 - [75/1000] 7.5% - https://th-tool.by/svetilnik-uvlazhnitel-vozdukha-grib/...
2026-03-04 21:56:14,477 - [76/1000] 7.6% - https://th-tool.by/pnevmopistolet-dlya-moyki-dvigatelya-so-shlangom-9-...
2026-03-04 21:56:14,825 - [77/1000] 7.7% - https://th-tool.by/bita-torx-t20kh75mm-10mm/...
2026-03-04 21:56:15,174 - [78/1000] 7.8% - https://th-tool.by/metchik-m4x0-7-3sht-v-plastikovom-futlyare/...
2026-03-04 21:56:15,523 - [79/1000] 7.9% - https://th-tool.by/metchik-m5x0-8-3sht-v-plastikovom-futlyare/...
2026-03-04 21:56:15,874 - [80/1000] 8.0% - https://th-tool.by/bita-torx-t25kh75mm-10mm/...
2026-03-04 21:56:16,223 - [81/1000] 8.1% - https://th-tool.by/metchik-m6x1-3sht-v-plastikovom-futlyare/...
2026-03-04 21:56:16,575 - [82/1000] 8.2% - https://th-tool.by/metchik-m7x1-3sht-v-plastikovom-futlyare/...
2026-03-04 21:56:16,926 - [83/1000] 8.3% - https://th-tool.by/bita-torx-t27kh75mm-10mm/...
2026-03-04 21:56:17,273 - [84/1000] 8.4% - https://th-tool.by/treshchotka-s-prorezinennoy-protivoskolzyashchey-ru...
2026-03-04 21:56:17,622 - [85/1000] 8.5% - https://th-tool.by/bita-torx-t30kh75mm-10mm/...
2026-03-04 21:56:17,974 - [86/1000] 8.6% - https://th-tool.by/nabor-instrumentov-17pr-1-4-6gr-4-13mm/...
2026-03-04 21:56:18,322 - [87/1000] 8.7% - https://th-tool.by/metchik-m8x1-3sht-v-plastikovom-futlyare/...
2026-03-04 21:56:18,669 - [88/1000] 8.8% - https://th-tool.by/metchik-m8x1-25-3sht-v-plastikovom-futlyare/...
2026-03-04 21:56:19,019 - [89/1000] 8.9% - https://th-tool.by/metchik-m9x1-3sht-v-plastikovom-futlyare/...
2026-03-04 21:56:19,370 - [90/1000] 9.0% - https://th-tool.by/bita-torx-t40kh75mm-10mm/...
2026-03-04 21:56:19,717 - [91/1000] 9.1% - https://th-tool.by/nabor-instrumentov-24pr-1-2-6-gr-8-32mm-v-metal-key...
2026-03-04 21:56:20,066 - [92/1000] 9.2% - https://th-tool.by/bita-torx-t45kh75mm-10mm/...
2026-03-04 21:56:20,414 - [93/1000] 9.3% - https://th-tool.by/nabor-golovok-s-treshchotkoy-i-udlinitelem-v-plast-...
2026-03-04 21:56:20,761 - [94/1000] 9.4% - https://th-tool.by/nabor-golovok-18pr-1-2-6-gr-8-19-21-22-24-27-30-32m...
2026-03-04 21:56:21,109 - [95/1000] 9.5% - https://th-tool.by/1-2-nabor-golovok-na-metal-planke-14pr-8-24mm-6-gra...
2026-03-04 21:56:21,457 - [96/1000] 9.6% - https://th-tool.by/golovka-8mm-6gr-1-2/...
2026-03-04 21:56:21,805 - [97/1000] 9.7% - https://th-tool.by/golovka-10mm-6gr-1-2/...
2026-03-04 21:56:22,154 - [98/1000] 9.8% - https://th-tool.by/bita-torx-t50kh75mm-10mm/...
2026-03-04 21:56:22,502 - [99/1000] 9.9% - https://th-tool.by/golovka-12mm-1-2-6gr/...
2026-03-04 21:56:22,849 - [100/1000] 10.0% - https://th-tool.by/golovka-14mm-1-2-6gr/...
2026-03-04 21:56:23,197 - 
--- Прогресс: 100/1000 | Успешно: 0 | Ошибки: 100 | Время: 0.6 мин ---

2026-03-04 21:56:23,197 - [101/1000] 10.1% - https://th-tool.by/golovka-15mm-6gr-1-2/...
2026-03-04 21:56:23,545 - [102/1000] 10.2% - https://th-tool.by/golovka-18mm-6gr-1-2/...
2026-03-04 21:56:23,893 - [103/1000] 10.3% - https://th-tool.by/golovka-21mm-6gr-1-2/...
2026-03-04 21:56:24,241 - [104/1000] 10.4% - https://th-tool.by/bita-torx-t55kh75mm-10mm/...
2026-03-04 21:56:24,589 - [105/1000] 10.5% - https://th-tool.by/golovka-22mm-6gr-1-2/...
2026-03-04 21:56:24,937 - [106/1000] 10.6% - https://th-tool.by/golovka-24mm-1-2-6gr/...
2026-03-04 21:56:25,285 - [107/1000] 10.7% - https://th-tool.by/golovka-30mm-6gr-1-2/...
2026-03-04 21:56:25,635 - [108/1000] 10.8% - https://th-tool.by/golovka-32mm-6gr-1-2/...
2026-03-04 21:56:25,985 - [109/1000] 10.9% - https://th-tool.by/golovka-8mm-12gr-1-2/...
2026-03-04 21:56:26,333 - [110/1000] 11.0% - https://th-tool.by/bita-torx-t60kh75mml-10mm/...
2026-03-04 21:56:26,681 - [111/1000] 11.1% - https://th-tool.by/golovka-18mm-1-2-12gr/...
2026-03-04 21:56:27,029 - [112/1000] 11.2% - https://th-tool.by/golovka-22mm-12gr-1-2/...
2026-03-04 21:56:27,380 - [113/1000] 11.3% - https://th-tool.by/10mm-bita-torks-120mml-t45/...
2026-03-04 21:56:27,729 - [114/1000] 11.4% - https://th-tool.by/golovka-27mm-12gr-1-2/...
2026-03-04 21:56:28,078 - [115/1000] 11.5% - https://th-tool.by/golovka-32mm-12gr-1-2/...
2026-03-04 21:56:28,425 - [116/1000] 11.6% - https://th-tool.by/golovka-glubokaya-9mm-6gr-1-2/...
2026-03-04 21:56:28,773 - [117/1000] 11.7% - https://th-tool.by/golovka-glubokaya-10mm-6gr-1-2/...
2026-03-04 21:56:29,121 - [118/1000] 11.8% - https://th-tool.by/golovka-glubokaya-11mm-6gr-1-2/...
2026-03-04 21:56:29,469 - [119/1000] 11.9% - https://th-tool.by/bita-6-grannaya-h4kh30mml-10mm/...
2026-03-04 21:56:29,817 - [120/1000] 12.0% - https://th-tool.by/golovka-glubokaya-14mm-6gr-1-2/...
2026-03-04 21:56:30,165 - [121/1000] 12.1% - https://th-tool.by/golovka-glubokaya-22mm-6gr-1-2/...
2026-03-04 21:56:30,513 - [122/1000] 12.2% - https://th-tool.by/bita-6-grannaya-h5kh30mml-10mm/...
2026-03-04 21:56:30,861 - [123/1000] 12.3% - https://th-tool.by/fonarik-alyuminievyy-korpus/...
2026-03-04 21:56:31,210 - [124/1000] 12.4% - https://th-tool.by/bita-6-grannaya-h7kh30mml-10mm/...
2026-03-04 21:56:31,561 - [125/1000] 12.5% - https://th-tool.by/zashchitnaya-nakladka-diskov-k-stendu-shinomontazhn...
2026-03-04 21:56:31,910 - [126/1000] 12.6% - https://th-tool.by/zashchitnaya-nakladka-diskov-k-stendu-shinomontazhn...
2026-03-04 21:56:32,257 - [127/1000] 12.7% - https://th-tool.by/napravlyayushchaya-shtoka-otzhima-k-stendu-shinomon...
2026-03-04 21:56:32,605 - [128/1000] 12.8% - https://th-tool.by/napravlyayushchaya-shtoka-k-stendu-shinomontazhnomu...
2026-03-04 21:56:32,952 - [129/1000] 12.9% - https://th-tool.by/komplekt-maslyanykh-shlangov-dlya-podemnika-pl-4-2s...
2026-03-04 21:56:33,301 - [130/1000] 13.0% - https://th-tool.by/remen-k-stendu-shinomontazhnomu-pl-1236it/...
2026-03-04 21:56:33,649 - [131/1000] 13.1% - https://th-tool.by/remkomplekt-tsilindra-podemnika-pl-4-401-403-406-40...
2026-03-04 21:56:33,997 - [132/1000] 13.2% - https://th-tool.by/manzheta-f60-50-6-5-k-stendu-shinomontazhnomu-pl-12...
2026-03-04 21:56:34,345 - [133/1000] 13.3% - https://th-tool.by/koltso-uplotnitelnoe-11-18mm/...
2026-03-04 21:56:34,693 - [134/1000] 13.4% - https://th-tool.by/bita-6-grannaya-h8kh30mml-10mm/...
2026-03-04 21:56:35,041 - [135/1000] 13.5% - https://th-tool.by/manzheta-tsilindra-otzhima-d200-184-12-k-stendu-shi...
2026-03-04 21:56:35,388 - [136/1000] 13.6% - https://th-tool.by/manzheta-shtoka-20-28-7-5-k-stendu-shinomontazhnomu...
2026-03-04 21:56:35,736 - [137/1000] 13.7% - https://th-tool.by/uplotnenie-shtoka-k-stendu-shinomontazhnomu-pl-1236...
2026-03-04 21:56:36,085 - [138/1000] 13.8% - https://th-tool.by/koltso-uplotnitelnoe-f62-2-8-k-stendu-shinomontazhn...
2026-03-04 21:56:36,433 - [139/1000] 13.9% - https://th-tool.by/koltso-uplotnitelnoe-f89-2-k-stendu-shinomontazhnom...
2026-03-04 21:56:36,781 - [140/1000] 14.0% - https://th-tool.by/koltso-uplotnitelnoe-59-9x2-62-k-stendu-shinomontaz...
2026-03-04 21:56:37,129 - [141/1000] 14.1% - https://th-tool.by/rezinovaya-nakladka-na-lapu-podemnika-pl-4/...
2026-03-04 21:56:37,477 - [142/1000] 14.2% - https://th-tool.by/bita-spline-m5kh30mml-10mm/...
2026-03-04 21:56:37,824 - [143/1000] 14.3% - https://th-tool.by/pruzhina-pedali-k-stendu-shinomontazhnomu-pl-1236it...
2026-03-04 21:56:38,172 - [144/1000] 14.4% - https://th-tool.by/nadstavka-na-lapu-podemnika-pl-4-110mm/...
2026-03-04 21:56:38,521 - [145/1000] 14.5% - https://th-tool.by/tros-dlya-podemnika-pl-4/...
2026-03-04 21:56:38,868 - [146/1000] 14.6% - https://th-tool.by/lapa-otzhima-k-stendu-shinomontazhnomu-pl-1236it/...
2026-03-04 21:56:39,216 - [147/1000] 14.7% - https://th-tool.by/reduktor-k-stendu-shinomontazhnomu-pl-1236it/...
2026-03-04 21:56:39,564 - [148/1000] 14.8% - https://th-tool.by/shtok-raspredelitelya-k-stendu-shinomontazhnomu-pl-...
2026-03-04 21:56:39,914 - [149/1000] 14.9% - https://th-tool.by/bita-spline-m6kh30mm-10mm/...
2026-03-04 21:56:40,265 - [150/1000] 15.0% - https://th-tool.by/lapa-otzhima-k-stendu-shinomontazhnomu-pl-1201/...
2026-03-04 21:56:40,612 - 
--- Прогресс: 150/1000 | Успешно: 0 | Ошибки: 150 | Время: 0.9 мин ---

2026-03-04 21:56:40,612 - [151/1000] 15.1% - https://th-tool.by/razgruzochnyy-klapan-dlya-podemnika-pl-4/...
2026-03-04 21:56:40,966 - [152/1000] 15.2% - https://th-tool.by/klapan-drosselnyy-v-raspredelitel-vozdushnyy-k-sten...
2026-03-04 21:56:41,316 - [153/1000] 15.3% - https://th-tool.by/datchik-rezistor-davleniya-k-stendu-balansirovochno...
2026-03-04 21:56:41,664 - [154/1000] 15.4% - https://th-tool.by/korobka-kondensatorov-k-kompressoru-serii-tb265/...
2026-03-04 21:56:42,013 - [155/1000] 15.5% - https://th-tool.by/perekhodnaya-mufta-k-stendu-shinomontazhnomu-pl-123...
2026-03-04 21:56:42,361 - [156/1000] 15.6% - https://th-tool.by/shtok-klapana-k-stendu-shinomontazhnomu-pl-1236it/...
2026-03-04 21:56:42,709 - [157/1000] 15.7% - https://th-tool.by/konus-f36mm-dlya-stenda-balansirovochnogo/...
2026-03-04 21:56:43,056 - [158/1000] 15.8% - https://th-tool.by/adapter-balansirovochnyy-f36mm-dlya-diska-s-4-mya-o...
2026-03-04 21:56:43,404 - [159/1000] 15.9% - https://th-tool.by/datchik-polozheniya-k-stendu-balansirovochnomu-pl-1...
2026-03-04 21:56:43,752 - [160/1000] 16.0% - https://th-tool.by/bita-spline-m8kh30mm-10mm/...
2026-03-04 21:56:44,100 - [161/1000] 16.1% - https://th-tool.by/gayka-bystrozazhimnaya-k-stendu-balansirovochnomu-f...
2026-03-04 21:56:44,449 - [162/1000] 16.2% - https://th-tool.by/napravlyayushchaya-zashchitnaya-plastina-k-stendu-s...
2026-03-04 21:56:44,796 - [163/1000] 16.3% - https://th-tool.by/zazhimnoy-tsilindr-stola-k-stendu-shinomontazhnomu-...
2026-03-04 21:56:45,144 - [164/1000] 16.4% - https://th-tool.by/blender-portativnyy-bezhevyy-chasha-340ml/...
2026-03-04 21:56:45,493 - [165/1000] 16.5% - https://th-tool.by/blender-portativnyy-goluboy-chasha-340ml/...
2026-03-04 21:56:45,841 - [166/1000] 16.6% - https://th-tool.by/manzheta-na-porshen-k-stendu-shinomontazhnomu-pl-12...
2026-03-04 21:56:46,188 - [167/1000] 16.7% - https://th-tool.by/otzhimnoy-porshen-tsilindra-k-stendu-shinomontazhno...
2026-03-04 21:56:46,536 - [168/1000] 16.8% - https://th-tool.by/napravlyayushchaya-shtanga-sterzhen-k-stendu-shinom...
2026-03-04 21:56:46,884 - [169/1000] 16.9% - https://th-tool.by/raspredelitel-k-stendu-shinomontazhnomu-pl-1236it/...
2026-03-04 21:56:47,232 - [170/1000] 17.0% - https://th-tool.by/napravlyayushchaya-k-stendu-shinomontazhnomu-pl-123...
2026-03-04 21:56:47,580 - [171/1000] 17.1% - https://th-tool.by/bita-spline-m10kh30mm-10mm/...
2026-03-04 21:56:47,928 - [172/1000] 17.2% - https://th-tool.by/semnik-trekhlapyy-perestavnoy-4-zakhvata-100mm-dlin...
2026-03-04 21:56:48,276 - [173/1000] 17.3% - https://th-tool.by/komplekt-paranitovykh-prokladok-4sht-k-t-k-kompress...
2026-03-04 21:56:48,624 - [174/1000] 17.4% - https://th-tool.by/displey-plastiny-k-stendu-balansirovochnomu-pl-1828...
2026-03-04 21:56:48,972 - [175/1000] 17.5% - https://th-tool.by/klaviatura-k-stendu-balansirovochnomu-pl-1828/...
2026-03-04 21:56:49,320 - [176/1000] 17.6% - https://th-tool.by/tablo-k-stendu-balansirovochnomu-pl-1828/...
2026-03-04 21:56:49,668 - [177/1000] 17.7% - https://th-tool.by/bita-spline-m12kh30mm-10mm/...
2026-03-04 21:56:50,016 - [178/1000] 17.8% - https://th-tool.by/kreplenie-platy-elektricheskiy-shchit-k-stendu-bala...
2026-03-04 21:56:50,369 - [179/1000] 17.9% - https://th-tool.by/obratnyy-klapan-k-kompressoru-serii-tb390/...
2026-03-04 21:56:50,715 - [180/1000] 18.0% - https://th-tool.by/datchik-davleniya-k-stendu-balansirovochnomu-pl-182...
2026-03-04 21:56:51,063 - [181/1000] 18.1% - https://th-tool.by/datchik-polozheniya-k-stendu-balansirovochnomu-pl-1...
2026-03-04 21:56:51,412 - [182/1000] 18.2% - https://th-tool.by/bortovoy-kompyuter-k-stendu-balansirovochnomu-pl-11...
2026-03-04 21:56:51,760 - [183/1000] 18.3% - https://th-tool.by/klaviatura-k-stendu-balansirovochnomu-pl-1152/...
2026-03-04 21:56:52,109 - [184/1000] 18.4% - https://th-tool.by/lineyka-klaviatura-k-stendu-balansirovochnomu-pl-18...
2026-03-04 21:56:52,462 - [185/1000] 18.5% - https://th-tool.by/sapun-k-kompressoru-serii-bm20-24/...
2026-03-04 21:56:52,812 - [186/1000] 18.6% - https://th-tool.by/bita-spline-m5kh75mml-10mm/...
2026-03-04 21:56:53,160 - [187/1000] 18.7% - https://th-tool.by/smotrovoe-okoshko-k-kompressoru-serii-tb265/...
2026-03-04 21:56:53,508 - [188/1000] 18.8% - https://th-tool.by/koleso-k-kompressoru-serii-tb290/...
2026-03-04 21:56:53,856 - [189/1000] 18.9% - https://th-tool.by/remen-privodnoy-k-kompressoru-serii-tb265/...
2026-03-04 21:56:54,204 - [190/1000] 19.0% - https://th-tool.by/komplekt-paranitovykh-prokladok-4sht-k-t-k-kompress...
2026-03-04 21:56:54,552 - [191/1000] 19.1% - https://th-tool.by/prokladka-k-kompressoru-serii-tb265/...
2026-03-04 21:56:54,860 - [192/1000] 19.2% - https://th-tool.by/komplekt-prokladok-k-kompressoru-serii-tb265/...
2026-03-04 21:56:55,208 - [193/1000] 19.3% - https://th-tool.by/soedinitel-uglovoy-k-kompressoru-serii-tb265/...
2026-03-04 21:56:55,556 - [194/1000] 19.4% - https://th-tool.by/razvetvitel-troynik-k-kompressoru-serii-tb365/...
2026-03-04 21:56:55,904 - [195/1000] 19.5% - https://th-tool.by/trubka-okhlazhdeniya-k-kompressoru-serii-tb265/...
2026-03-04 21:56:56,251 - [196/1000] 19.6% - https://th-tool.by/trubka-okhlazhdayushchaya-k-kompressoru-serii-tb290...
2026-03-04 21:56:56,600 - [197/1000] 19.7% - https://th-tool.by/bita-spline-m6kh75mm-10mm/...
2026-03-04 21:56:56,948 - [198/1000] 19.8% - https://th-tool.by/trubka-okhlazhdayushchaya-k-kompressoru-serii-tb365...
2026-03-04 21:56:57,296 - [199/1000] 19.9% - https://th-tool.by/trubka-okhlazhdayushchaya-k-kompressoru-serii-tb365...
2026-03-04 21:56:57,643 - [200/1000] 20.0% - https://th-tool.by/trubka-okhlazhdeniya-k-kompressoru-serii-tb390/...
2026-03-04 21:56:57,992 - 
--- Прогресс: 200/1000 | Успешно: 0 | Ошибки: 200 | Время: 1.2 мин ---

2026-03-04 21:56:57,992 - [201/1000] 20.1% - https://th-tool.by/kryshka-kartera-k-kompressoru-serii-tb290/...
2026-03-04 21:56:58,341 - [202/1000] 20.2% - https://th-tool.by/vozdushnyy-raspredelitel-s-regulyatorom-k-kompresso...
2026-03-04 21:56:58,692 - [203/1000] 20.3% - https://th-tool.by/kozhukh-zashchitnyy-k-kompressoru-serii-bm20-24/...
2026-03-04 21:56:59,040 - [204/1000] 20.4% - https://th-tool.by/karter-shatunno-porshnevoy-gruppy-k-kompressoru-ser...
2026-03-04 21:56:59,388 - [205/1000] 20.5% - https://th-tool.by/kolenval-k-kompressoru-serii-tb365/...
2026-03-04 21:56:59,736 - [206/1000] 20.6% - https://th-tool.by/shatun-k-kompressoru-serii-tb290/...
2026-03-04 21:57:00,083 - [207/1000] 20.7% - https://th-tool.by/bita-spline-m8kh75mm-10mm/...
2026-03-04 21:57:00,431 - [208/1000] 20.8% - https://th-tool.by/shatun-k-kompressoru-serii-tb365/...
2026-03-04 21:57:00,780 - [209/1000] 20.9% - https://th-tool.by/vozdushnyy-filtr-k-kompressoru-serii-tb265/...
2026-03-04 21:57:01,127 - [210/1000] 21.0% - https://th-tool.by/klapannaya-plastina-k-kompressoru-serii-bm/...
2026-03-04 21:57:01,475 - [211/1000] 21.1% - https://th-tool.by/klapan-k-kompressoru-serii-tb265-k-t-2-sht/...
2026-03-04 21:57:01,823 - [212/1000] 21.2% - https://th-tool.by/shkiv-k-kompressoru-serii-tb265/...
2026-03-04 21:57:02,172 - [213/1000] 21.3% - https://th-tool.by/shkiv-k-kompressoru-serii-tb290/...
2026-03-04 21:57:02,519 - [214/1000] 21.4% - https://th-tool.by/shkiv-k-kompressoru-serii-tb365/...
2026-03-04 21:57:02,867 - [215/1000] 21.5% - https://th-tool.by/bita-spline-m10kh75mm-10mm/...
2026-03-04 21:57:03,216 - [216/1000] 21.6% - https://th-tool.by/nabor-klyuchey-kombinirovannykh-10pr-6-8-10-12-13-1...
2026-03-04 21:57:03,563 - [217/1000] 21.7% - https://th-tool.by/nabor-klyuchey-kombinirovannykh-12pr-6-8-10-12-13-1...
2026-03-04 21:57:03,911 - [218/1000] 21.8% - https://th-tool.by/nabor-klyuchey-kombinirovannykh-12pr-6-14-17-19-22m...
2026-03-04 21:57:04,259 - [219/1000] 21.9% - https://th-tool.by/nabor-klyuchey-kombinirovannykh-14pr-10-12-19-21-24...
2026-03-04 21:57:04,607 - [220/1000] 22.0% - https://th-tool.by/nabor-klyuchey-kombinirovannykh-26pr-6-28-30-32mm-n...
2026-03-04 21:57:04,955 - [221/1000] 22.1% - https://th-tool.by/bita-spline-m12kh75mm-10mm/...
2026-03-04 21:57:05,303 - [222/1000] 22.2% - https://th-tool.by/klyuch-kombinirovannyy-8mm-v-prorezinennoy-opletke/...
2026-03-04 21:57:05,653 - [223/1000] 22.3% - https://th-tool.by/klyuch-kombinirovannyy-10mm-v-prorezinennoy-opletke...
2026-03-04 21:57:06,004 - [224/1000] 22.4% - https://th-tool.by/klyuch-kombinirovannyy-11mm-v-prorezinennoy-opletke...
2026-03-04 21:57:06,351 - [225/1000] 22.5% - https://th-tool.by/klyuch-kombinirovannyy-12mm-v-prorezinennoy-opletke...
2026-03-04 21:57:06,699 - [226/1000] 22.6% - https://th-tool.by/klyuch-kombinirovannyy-13mm-v-prorezinennoy-opletke...
2026-03-04 21:57:07,047 - [227/1000] 22.7% - https://th-tool.by/klyuch-kombinirovannyy-15mm-v-prorezinennoy-opletke...
2026-03-04 21:57:07,396 - [228/1000] 22.8% - https://th-tool.by/klyuch-kombinirovannyy-16mm-v-prorezinennoy-opletke...
2026-03-04 21:57:07,743 - [229/1000] 22.9% - https://th-tool.by/klyuch-kombinirovannyy-17mm-v-prorezinennoy-opletke...
2026-03-04 21:57:08,090 - [230/1000] 23.0% - https://th-tool.by/klyuch-kombinirovannyy-21mm-v-prorezinennoy-opletke...
2026-03-04 21:57:08,439 - [231/1000] 23.1% - https://th-tool.by/klyuch-kombinirovannyy-22mm-v-prorezinennoy-opletke...
2026-03-04 21:57:08,787 - [232/1000] 23.2% - https://th-tool.by/bita-6-grannaya-h10kh30mml-10mm/...
2026-03-04 21:57:09,135 - [233/1000] 23.3% - https://th-tool.by/nabor-klyuchey-nakidnykh-otognutykh-na-75grad-8pr-6...
2026-03-04 21:57:09,483 - [234/1000] 23.4% - https://th-tool.by/bita-6-grannaya-h12kh30mml-10mm/...
2026-03-04 21:57:09,831 - [235/1000] 23.5% - https://th-tool.by/bita-6-grannaya-h7kh75mm-10mm/...
2026-03-04 21:57:10,179 - [236/1000] 23.6% - https://th-tool.by/klyuch-balonnyy-krestovoy-14-17-19-21-1-2/...
2026-03-04 21:57:10,527 - [237/1000] 23.7% - https://th-tool.by/klyuch-balonnyy-g-obraznyy-19mm/...
2026-03-04 21:57:10,875 - [238/1000] 23.8% - https://th-tool.by/bita-torx-t20x30mm-10mm/...
2026-03-04 21:57:11,223 - [239/1000] 23.9% - https://th-tool.by/klyuch-balonnyy-g-obraznyy-21mm/...
2026-03-04 21:57:11,570 - [240/1000] 24.0% - https://th-tool.by/metchik-m9x1-25-3sht-v-plastikovom-futlyare/...
2026-03-04 21:57:11,918 - [241/1000] 24.1% - https://th-tool.by/klyuch-kombinirovannyy-23mm-v-prorezinennoy-opletke...
2026-03-04 21:57:12,267 - [242/1000] 24.2% - https://th-tool.by/klyuch-kombinirovannyy-24mm-v-prorezinennoy-opletke...
2026-03-04 21:57:12,615 - [243/1000] 24.3% - https://th-tool.by/klyuch-kombinirovannyy-25mm-v-prorezinennoy-opletke...
2026-03-04 21:57:12,963 - [244/1000] 24.4% - https://th-tool.by/metchik-m10x1-25-3sht-v-plastikovom-futlyare/...
2026-03-04 21:57:13,310 - [245/1000] 24.5% - https://th-tool.by/metchik-m10x1-5-3sht-v-plastikovom-futlyare/...
2026-03-04 21:57:13,659 - [246/1000] 24.6% - https://th-tool.by/klyuch-kombinirovannyy-26mm-v-prorezinennoy-opletke...
2026-03-04 21:57:14,007 - [247/1000] 24.7% - https://th-tool.by/metchik-m11x1-5-3sht-v-plastikovom-futlyare/...
2026-03-04 21:57:14,354 - [248/1000] 24.8% - https://th-tool.by/klyuch-kombinirovannyy-27mm-v-prorezinennoy-opletke...
2026-03-04 21:57:14,702 - [249/1000] 24.9% - https://th-tool.by/klyuch-kombinirovannyy-28mm-v-prorezinennoy-opletke...
2026-03-04 21:57:15,051 - [250/1000] 25.0% - https://th-tool.by/klyuch-kombinirovannyy-32mm-v-prorezinennoy-opletke...
2026-03-04 21:57:15,399 - 
--- Прогресс: 250/1000 | Успешно: 0 | Ошибки: 250 | Время: 1.5 мин ---

2026-03-04 21:57:15,399 - [251/1000] 25.1% - https://th-tool.by/bita-torx-t25kh30mm-10mm/...
2026-03-04 21:57:15,746 - [252/1000] 25.2% - https://th-tool.by/nabor-klyuchey-nakidnykh-otognutykh-na-75grad-12pr-...
2026-03-04 21:57:16,095 - [253/1000] 25.3% - https://th-tool.by/bita-torx-t27kh30mm-10mm/...
2026-03-04 21:57:16,443 - [254/1000] 25.4% - https://th-tool.by/klyuch-nakidnoy-otognutyy-na-75grad-v-prorezinennoy...
2026-03-04 21:57:16,791 - [255/1000] 25.5% - https://th-tool.by/nabor-instrumentov-profi-27pr-1-2-6gr-8-32mm-v-meta...
2026-03-04 21:57:17,138 - [256/1000] 25.6% - https://th-tool.by/klyuch-nakidnoy-otognutyy-na-75grad-v-prorezinennoy...
2026-03-04 21:57:17,486 - [257/1000] 25.7% - https://th-tool.by/klyuch-nakidnoy-otognutyy-na-75grad-v-prorezinennoy...
2026-03-04 21:57:17,834 - [258/1000] 25.8% - https://th-tool.by/klyuch-nakidnoy-otognutyy-na-75grad-v-prorezinennoy...
2026-03-04 21:57:18,182 - [259/1000] 25.9% - https://th-tool.by/metchik-m12x1-5-3sht-v-plastikovom-futlyare/...
2026-03-04 21:57:18,531 - [260/1000] 26.0% - https://th-tool.by/nabor-klyuchey-kombinirovannykh-12pr-6-8-10-12-19-2...
2026-03-04 21:57:18,879 - [261/1000] 26.1% - https://th-tool.by/nabor-klyuchey-kombinirovannykh-12pr-6-14-17-19-22m...
2026-03-04 21:57:19,226 - [262/1000] 26.2% - https://th-tool.by/nabor-klyuchey-kombinirovannykh-16pr-6-19-22-24mm-n...
2026-03-04 21:57:19,574 - [263/1000] 26.3% - https://th-tool.by/metchik-m12x1-75-3sht-v-plastikovom-futlyare/...
2026-03-04 21:57:19,922 - [264/1000] 26.4% - https://th-tool.by/bita-6-grannaya-ribe-m4kh75mml-10mm/...
2026-03-04 21:57:20,270 - [265/1000] 26.5% - https://th-tool.by/klyuch-nakidnoy-otognutyy-na-75grad-v-prorezinennoy...
2026-03-04 21:57:20,619 - [266/1000] 26.6% - https://th-tool.by/klyuch-nakidnoy-otognutyy-na-75grad-v-prorezinennoy...
2026-03-04 21:57:20,967 - [267/1000] 26.7% - https://th-tool.by/klyuch-nakidnoy-otognutyy-na-75grad-v-prorezinennoy...
2026-03-04 21:57:21,314 - [268/1000] 26.8% - https://th-tool.by/klyuch-nakidnoy-otognutyy-na-75grad-v-prorezinennoy...
2026-03-04 21:57:21,663 - [269/1000] 26.9% - https://th-tool.by/bita-6-grannaya-ribe-m5kh75mml-10mm/...
2026-03-04 21:57:22,010 - [270/1000] 27.0% - https://th-tool.by/klyuch-razreznoy-s-sharnirom-12mm-crv-yato/...
2026-03-04 21:57:22,360 - [271/1000] 27.1% - https://th-tool.by/klyuch-razreznoy-s-sharnirom-13mm-crv-yato/...
2026-03-04 21:57:22,710 - [272/1000] 27.2% - https://th-tool.by/klyuch-razreznoy-s-sharnirom-9mm-crv-yato/...
2026-03-04 21:57:23,059 - [273/1000] 27.3% - https://th-tool.by/nozhnitsy-po-metallu-levye-na-90-30kh225mm-crmo-hrc...
2026-03-04 21:57:23,406 - [274/1000] 27.4% - https://th-tool.by/nozhnitsy-po-metallu-pravye-na-90-30kh225mm-crmo-hr...
2026-03-04 21:57:23,754 - [275/1000] 27.5% - https://th-tool.by/filtr-s-reduktorom-smazochnyy-pribor-1-4-yato/...
2026-03-04 21:57:24,102 - [276/1000] 27.6% - https://th-tool.by/metchik-m14x1-5-3sht-v-plastikovom-futlyare/...
2026-03-04 21:57:24,450 - [277/1000] 27.7% - https://th-tool.by/metchik-m14x2-3sht-v-plastikovom-futlyare/...
2026-03-04 21:57:24,798 - [278/1000] 27.8% - https://th-tool.by/bita-torx-t55kh30mm-10mm/...
2026-03-04 21:57:25,146 - [279/1000] 27.9% - https://th-tool.by/metchik-1-8-27npt-dyuym-v-plastikovom-futlyare/...
2026-03-04 21:57:25,494 - [280/1000] 28.0% - https://th-tool.by/avtoaptechka-ark-g-dlya-remonta-pokryshek-i-kamer-s...
2026-03-04 21:57:25,842 - [281/1000] 28.1% - https://th-tool.by/metchik-1-4-18npt-dyuym-v-plastikovom-futlyare/...
2026-03-04 21:57:26,190 - [282/1000] 28.2% - https://th-tool.by/metchik-3-8-18npt-dyuym-v-plastikovom-futlyare/...
2026-03-04 21:57:26,538 - [283/1000] 28.3% - https://th-tool.by/metchik-1-2-14npt-dyuym-v-plastikovom-futlyare/...
2026-03-04 21:57:26,885 - [284/1000] 28.4% - https://th-tool.by/bita-torx-t20kh75mm-10mm_1/...
2026-03-04 21:57:27,233 - [285/1000] 28.5% - https://th-tool.by/plastyr-pr-25-115-125mm-3sl-kh-v/...
2026-03-04 21:57:27,582 - [286/1000] 28.6% - https://th-tool.by/plastyr-pr-86-kh-v-plastyr-rezinokordnyy-dlya-remon...
2026-03-04 21:57:27,932 - [287/1000] 28.7% - https://th-tool.by/bita-torx-t25kh75mm-10mm_1/...
2026-03-04 21:57:28,282 - [288/1000] 28.8% - https://th-tool.by/metchik-3-4-14npt-dyuym-v-plastikovom-futlyare/...
2026-03-04 21:57:28,631 - [289/1000] 28.9% - https://th-tool.by/bita-torx-t30kh75mm-10mm_1/...
2026-03-04 21:57:28,978 - [290/1000] 29.0% - https://th-tool.by/plastyr-pd-8-plastyr-diagon-ugol-mezhdu-sloyami-kor...
2026-03-04 21:57:29,327 - [291/1000] 29.1% - https://th-tool.by/plastyr-prm-25-plastyr-metallokordnyy-dlya-remonta-...
2026-03-04 21:57:29,674 - [292/1000] 29.2% - https://th-tool.by/plastyr-prm-44-plastyr-metallokordnyy-dlya-remonta-...
2026-03-04 21:57:30,021 - [293/1000] 29.3% - https://th-tool.by/plastyr-prm-45-plastyr-metallokordnyy-dlya-remonta-...
2026-03-04 21:57:30,370 - [294/1000] 29.4% - https://th-tool.by/plashka-m6x1-0-20mm-v-plastikovom-futlyare/...
2026-03-04 21:57:30,717 - [295/1000] 29.5% - https://th-tool.by/plashka-m7x1-0-25mm-v-plastikovom-futlyare/...
2026-03-04 21:57:31,066 - [296/1000] 29.6% - https://th-tool.by/bita-torx-t40kh75mm-10mm_1/...
2026-03-04 21:57:31,414 - [297/1000] 29.7% - https://th-tool.by/plashka-m8x1-25mm-v-plastikovom-futlyare/...
2026-03-04 21:57:31,761 - [298/1000] 29.8% - https://th-tool.by/plashka-m8x1-25-25mm-v-plastikovom-futlyare/...
2026-03-04 21:57:32,110 - [299/1000] 29.9% - https://th-tool.by/plashka-m9x1-0-25mm-v-plastikovom-futlyare/...
2026-03-04 21:57:32,458 - [300/1000] 30.0% - https://th-tool.by/plashka-m9x1-25-25mm-v-plastikovom-futlyare/...
2026-03-04 21:57:32,806 - 
--- Прогресс: 300/1000 | Успешно: 0 | Ошибки: 300 | Время: 1.7 мин ---

2026-03-04 21:57:32,806 - [301/1000] 30.1% - https://th-tool.by/plashka-m10x1-25-30mm-v-plastikovom-futlyare/...
2026-03-04 21:57:33,153 - [302/1000] 30.2% - https://th-tool.by/pzp-1-prisposoblenie-dlya-zachistki-prokolov/...
2026-03-04 21:57:33,502 - [303/1000] 30.3% - https://th-tool.by/plashka-m10x1-5-30mm-v-plastikovom-futlyare/...
2026-03-04 21:57:33,850 - [304/1000] 30.4% - https://th-tool.by/plashka-m11x1-5-30mm-v-plastikovom-futlyare/...
2026-03-04 21:57:34,198 - [305/1000] 30.5% - https://th-tool.by/bita-torx-t45kh75mm-10mm_1/...
2026-03-04 21:57:34,546 - [306/1000] 30.6% - https://th-tool.by/plashka-m12x1-5-38mm-v-plastikovom-futlyare/...
2026-03-04 21:57:34,894 - [307/1000] 30.7% - https://th-tool.by/plashka-m12x1-75-38mm-v-plastikovom-futlyare/...
2026-03-04 21:57:35,241 - [308/1000] 30.8% - https://th-tool.by/plashka-m14x1-5-38mm-v-plastikovom-futlyare/...
2026-03-04 21:57:35,590 - [309/1000] 30.9% - https://th-tool.by/nabor-metchik-i-plashek110pr-2kh0-4-3kh0-5-4kh0-7-5...
2026-03-04 21:57:35,937 - [310/1000] 31.0% - https://th-tool.by/nabor-metchikov-metricheskiy-10pr-m6kh1-m7kh1-m8kh1...
2026-03-04 21:57:36,286 - [311/1000] 31.1% - https://th-tool.by/nabor-metchikov-i-plashek-metricheskiy-20pr-m3kh0-5...
2026-03-04 21:57:36,633 - [312/1000] 31.2% - https://th-tool.by/nabor-metchikov-i-plashek-metricheskiy-24pr-m5kh0-8...
2026-03-04 21:57:36,982 - [313/1000] 31.3% - https://th-tool.by/nabor-metchikov-i-plashek-dyuymovyy-24pr-1-4-5-16-3...
2026-03-04 21:57:37,330 - [314/1000] 31.4% - https://th-tool.by/nabor-metchikov-i-plashek-metricheskiy-40pr-m3kh0-5...
2026-03-04 21:57:37,677 - [315/1000] 31.5% - https://th-tool.by/bita-torx-t70kh50mm-14mm/...
2026-03-04 21:57:38,027 - [316/1000] 31.6% - https://th-tool.by/nabor-metchikov-i-plashek-metricheskiy-58pr-m3kh0-5...
2026-03-04 21:57:38,377 - [317/1000] 31.7% - https://th-tool.by/nabor-metchikov-i-plashek-metricheskiy-i-dyuymovyy-...
2026-03-04 21:57:38,725 - [318/1000] 31.8% - https://th-tool.by/gruzik-standart-55-gr-50-sht/...
2026-03-04 21:57:39,073 - [319/1000] 31.9% - https://th-tool.by/gruzik-standart-60-gr-50-sht/...
2026-03-04 21:57:39,422 - [320/1000] 32.0% - https://th-tool.by/nabor-metchikov-i-plashek-metricheskiy-16pr-m3kh0-5...
2026-03-04 21:57:39,769 - [321/1000] 32.1% - https://th-tool.by/plashkoderzhatel-38kh14mm/...
2026-03-04 21:57:40,118 - [322/1000] 32.2% - https://th-tool.by/metchikoderzhatel-1-m1-10/...
2026-03-04 21:57:40,465 - [323/1000] 32.3% - https://th-tool.by/podshipnik/...
2026-03-04 21:57:40,813 - [324/1000] 32.4% - https://th-tool.by/bita-torx-t70kh75mm-14mm/...
2026-03-04 21:57:41,161 - [325/1000] 32.5% - https://th-tool.by/podshipnik_1/...
2026-03-04 21:57:41,509 - [326/1000] 32.6% - https://th-tool.by/podshipnik_2/...
2026-03-04 21:57:41,857 - [327/1000] 32.7% - https://th-tool.by/podshipnik_3/...
2026-03-04 21:57:42,206 - [328/1000] 32.8% - https://th-tool.by/bita-torx-t50kh75mm-10mm_1/...
2026-03-04 21:57:42,553 - [329/1000] 32.9% - https://th-tool.by/passatizhi-perestavnye-250mm/...
2026-03-04 21:57:42,901 - [330/1000] 33.0% - https://th-tool.by/korpus-udarnogo-mekhanizmya-k-pnevmogaykovertu-nc-4...
2026-03-04 21:57:43,249 - [331/1000] 33.1% - https://th-tool.by/bita-torx-t55kh75mm-10mm_1/...
2026-03-04 21:57:43,597 - [332/1000] 33.2% - https://th-tool.by/vtulka-vala/...
2026-03-04 21:57:43,945 - [333/1000] 33.3% - https://th-tool.by/nadstavka-na-lapu-podemnika-pl-4-140mm/...
2026-03-04 21:57:44,293 - [334/1000] 33.4% - https://th-tool.by/val/...
2026-03-04 21:57:44,641 - [335/1000] 33.5% - https://th-tool.by/korpus-udarnogo-mekhanizma-k-pnevmogaykovertu-rt-52...
2026-03-04 21:57:44,989 - [336/1000] 33.6% - https://th-tool.by/udarnaya-chast-molotok-k-pnevmogaykovertu-rt-5268/...
2026-03-04 21:57:45,337 - [337/1000] 33.7% - https://th-tool.by/hammer-frame-rear-washer/...
2026-03-04 21:57:45,685 - [338/1000] 33.8% - https://th-tool.by/udarnyy-mekhanizm-k-pnevmogaykovertu-nc-4233-2sht-k...
2026-03-04 21:57:46,033 - [339/1000] 33.9% - https://th-tool.by/perednyaya-plastina/...
2026-03-04 21:57:46,383 - [340/1000] 34.0% - https://th-tool.by/tsilindr-k-pnevmogaykovertu-rt-5268/...
2026-03-04 21:57:46,734 - [341/1000] 34.1% - https://th-tool.by/rotor/...
2026-03-04 21:57:47,081 - [342/1000] 34.2% - https://th-tool.by/bita-spline-m5kh75mml-10mm_1/...
2026-03-04 21:57:47,431 - [343/1000] 34.3% - https://th-tool.by/vtulka-klapana-k-pnevmogaykovertu-nc-4236/...
2026-03-04 21:57:47,781 - [344/1000] 34.4% - https://th-tool.by/plastina-zadnyaya-k-pnevmogaykovertu-rt-5268/...
2026-03-04 21:57:48,132 - [345/1000] 34.5% - https://th-tool.by/gayka-pod-shtutser-k-pnevmogaykovertu-nc-4236/...
2026-03-04 21:57:48,481 - [346/1000] 34.6% - https://th-tool.by/pruzhina-stopornaya-k-pnevmogaykovertu-rt-5268/...
2026-03-04 21:57:48,829 - [347/1000] 34.7% - https://th-tool.by/sharik-stopornyy-k-pnevmogaykovertu-rt-5268/...
2026-03-04 21:57:49,177 - [348/1000] 34.8% - https://th-tool.by/shayba-stopornaya-k-pnevmogaykovertu-rt-5268/...
2026-03-04 21:57:49,525 - [349/1000] 34.9% - https://th-tool.by/vint-krepleniya-klapana/...
2026-03-04 21:57:49,873 - [350/1000] 35.0% - https://th-tool.by/korpus-k-pnevmogaygovertu-nc-4250qa/...
2026-03-04 21:57:50,221 - 
--- Прогресс: 350/1000 | Успешно: 0 | Ошибки: 350 | Время: 2.0 мин ---

2026-03-04 21:57:50,221 - [351/1000] 35.1% - https://th-tool.by/vtulka-klapana-k-pnevmogaygovertu-nc-4250qa/...
2026-03-04 21:57:50,569 - [352/1000] 35.2% - https://th-tool.by/klapan-k-pnevmogaygovertu-nc-4250qa/...
2026-03-04 21:57:50,917 - [353/1000] 35.3% - https://th-tool.by/gayka-pod-shtutser/...
2026-03-04 21:57:51,265 - [354/1000] 35.4% - https://th-tool.by/prokladka/...
2026-03-04 21:57:51,614 - [355/1000] 35.5% - https://th-tool.by/vtulka-vala_1/...
2026-03-04 21:57:51,961 - [356/1000] 35.6% - https://th-tool.by/val-k-pnevmogaykovertu-rt-5270/...
2026-03-04 21:57:52,310 - [357/1000] 35.7% - https://th-tool.by/molotok/...
2026-03-04 21:57:52,656 - [358/1000] 35.8% - https://th-tool.by/korpus-molotka/...
2026-03-04 21:57:53,004 - [359/1000] 35.9% - https://th-tool.by/podshipnik-6002/...
2026-03-04 21:57:53,353 - [360/1000] 36.0% - https://th-tool.by/perednyaya-plastina_1/...
2026-03-04 21:57:53,700 - [361/1000] 36.1% - https://th-tool.by/rotor_1/...
2026-03-04 21:57:54,049 - [362/1000] 36.2% - https://th-tool.by/pruzhina-k-pnevmogaygovertu-nc-4250qa/...
2026-03-04 21:57:54,398 - [363/1000] 36.3% - https://th-tool.by/tsilindr-k-pnevmogaykovertu-rt-5270/...
2026-03-04 21:57:54,745 - [364/1000] 36.4% - https://th-tool.by/zadnyaya-plastina/...
2026-03-04 21:57:55,092 - [365/1000] 36.5% - https://th-tool.by/podshipnik-6001/...
2026-03-04 21:57:55,441 - [366/1000] 36.6% - https://th-tool.by/vtulka-klapana/...
2026-03-04 21:57:55,788 - [367/1000] 36.7% - https://th-tool.by/prokladka-klapana/...
2026-03-04 21:57:56,136 - [368/1000] 36.8% - https://th-tool.by/vkhodnoy-klapan/...
2026-03-04 21:57:56,485 - [369/1000] 36.9% - https://th-tool.by/pruzhina-k-pnevmogaykovertu-rt-5270/...
2026-03-04 21:57:56,832 - [370/1000] 37.0% - https://th-tool.by/vtulka-podachi-vozdukha/...
2026-03-04 21:57:57,180 - [371/1000] 37.1% - https://th-tool.by/pereklyuchatel-reversa-k-pnevmogaykovertu-rt-5270/...
2026-03-04 21:57:57,529 - [372/1000] 37.2% - https://th-tool.by/pereklyuchatel/...
2026-03-04 21:57:57,877 - [373/1000] 37.3% - https://th-tool.by/zadnyaya-kryshka/...
2026-03-04 21:57:58,225 - [374/1000] 37.4% - https://th-tool.by/prokladka-k-pnevmogaykovertu-rt-5270/...
2026-03-04 21:57:58,572 - [375/1000] 37.5% - https://th-tool.by/prokladka_1/...
2026-03-04 21:57:58,921 - [376/1000] 37.6% - https://th-tool.by/perednyaya-plastina_2/...
2026-03-04 21:57:59,268 - [377/1000] 37.7% - https://th-tool.by/rotor_2/...
2026-03-04 21:57:59,616 - [378/1000] 37.8% - https://th-tool.by/gayka-pod-shtutser-k-pnevmogaygovertu-nc-4250qa/...
2026-03-04 21:57:59,964 - [379/1000] 37.9% - https://th-tool.by/tsilindr-k-pnevmogaykovertu-rt-5271/...
2026-03-04 21:58:00,313 - [380/1000] 38.0% - https://th-tool.by/zadnyaya-plastina_1/...
2026-03-04 21:58:00,661 - [381/1000] 38.1% - https://th-tool.by/vtulka-podachi-vozdukha_1/...
2026-03-04 21:58:01,009 - [382/1000] 38.2% - https://th-tool.by/korpus-molotkov-k-pnevmogaygovertu-nc-4250qa/...
2026-03-04 21:58:01,356 - [383/1000] 38.3% - https://th-tool.by/pereklyuchatel_1/...
2026-03-04 21:58:01,704 - [384/1000] 38.4% - https://th-tool.by/zadnyaya-kryshka_1/...
2026-03-04 21:58:02,052 - [385/1000] 38.5% - https://th-tool.by/prokladka_2/...
2026-03-04 21:58:02,402 - [386/1000] 38.6% - https://th-tool.by/klyuch-kombinirovannyy-treshchotochnyy-8mm/...
2026-03-04 21:58:02,752 - [387/1000] 38.7% - https://th-tool.by/klyuch-kombinirovannyy-treshchotochnyy-10mm/...
2026-03-04 21:58:03,101 - [388/1000] 38.8% - https://th-tool.by/klyuch-kombinirovannyy-treshchotochnyy-12mm/...
2026-03-04 21:58:03,448 - [389/1000] 38.9% - https://th-tool.by/klyuch-kombinirovannyy-treshchotochnyy-13mm/...
2026-03-04 21:58:03,796 - [390/1000] 39.0% - https://th-tool.by/klyuch-kombinirovannyy-treshchotochnyy-14mm/...
2026-03-04 21:58:04,144 - [391/1000] 39.1% - https://th-tool.by/klyuch-kombinirovannyy-treshchotochnyy-15mm/...
2026-03-04 21:58:04,492 - [392/1000] 39.2% - https://th-tool.by/klyuch-kombinirovannyy-treshchotochnyy-16mm/...
2026-03-04 21:58:04,840 - [393/1000] 39.3% - https://th-tool.by/klyuch-kombinirovannyy-treshchotochnyy-17mm/...
2026-03-04 21:58:05,188 - [394/1000] 39.4% - https://th-tool.by/klyuch-kombinirovannyy-treshchotochnyy-18mm/...
2026-03-04 21:58:05,537 - [395/1000] 39.5% - https://th-tool.by/plastina-perednyaya-k-pnevmogaygovertu-nc-4250qa/...
2026-03-04 21:58:05,884 - [396/1000] 39.6% - https://th-tool.by/klyuch-kombinirovannyy-treshchotochnyy-19mm/...
2026-03-04 21:58:06,233 - [397/1000] 39.7% - https://th-tool.by/klyuch-kombinirovannyy-treshchotochnyy-22mm/...
2026-03-04 21:58:06,581 - [398/1000] 39.8% - https://th-tool.by/nabor-klyuchey-kombinirovannykh-treshchotochnykh-7p...
2026-03-04 21:58:06,928 - [399/1000] 39.9% - https://th-tool.by/otvertka-so-smennymi-nasadkami-4pr-ph00-ph0-ph1-sl-...
2026-03-04 21:58:07,276 - [400/1000] 40.0% - https://th-tool.by/bita-12-luchevaya-spline-m6kh75mm-10mm/...
2026-03-04 21:58:07,625 - 
--- Прогресс: 400/1000 | Успешно: 0 | Ошибки: 400 | Время: 2.3 мин ---

2026-03-04 21:58:07,625 - [401/1000] 40.1% - https://th-tool.by/nabor-instrumentov-123pr-v-keyse/...
2026-03-04 21:58:07,972 - [402/1000] 40.2% - https://th-tool.by/rotor-k-pnevmogaygovertu-nc-4250qa/...
2026-03-04 21:58:08,320 - [403/1000] 40.3% - https://th-tool.by/tsilindr-k-pnevmogaygovertu-nc-4250qa/...
2026-03-04 21:58:08,669 - [404/1000] 40.4% - https://th-tool.by/prokladka-k-pnevmogaygovertu-nc-4250qa/...
2026-03-04 21:58:09,016 - [405/1000] 40.5% - https://th-tool.by/kryshka-zadnyaya-k-pnevmogaygovertu-nc-4250qa/...
2026-03-04 21:58:09,364 - [406/1000] 40.6% - https://th-tool.by/klapan-reversa-k-pnevmogaygovertu-nc-4250qa/...
2026-03-04 21:58:09,712 - [407/1000] 40.7% - https://th-tool.by/korpus-udarnogo-mekhanizma-k-pnevmogaygovertu-nc-42...
2026-03-04 21:58:10,060 - [408/1000] 40.8% - https://th-tool.by/val-1-2-k-pnevmogaygovertu-nc-4250qa/...
2026-03-04 21:58:10,408 - [409/1000] 40.9% - https://th-tool.by/molotok-2sht-k-pnevmogaygovertu-nc-4250qa/...
2026-03-04 21:58:10,756 - [410/1000] 41.0% - https://th-tool.by/lopasti-6sht-k-pnevmogaygovertu-nc-4250qa/...
2026-03-04 21:58:11,104 - [411/1000] 41.1% - https://th-tool.by/prokladka-k-pnevmogaykovertu-nc-8382/...
2026-03-04 21:58:11,451 - [412/1000] 41.2% - https://th-tool.by/klapan-reversa-k-pnevmogaykovertu-nc-8382/...
2026-03-04 21:58:11,800 - [413/1000] 41.3% - https://th-tool.by/koltso-rezinovoe-k-pnevmogaykovertu-nc-8382/...
2026-03-04 21:58:12,147 - [414/1000] 41.4% - https://th-tool.by/regulyator-vozdushnyy-k-pnevmogaykovertu-nc-8382/...
2026-03-04 21:58:12,496 - [415/1000] 41.5% - https://th-tool.by/shtok-klapana-k-pnevmogaykovertu-nc-8382/...
2026-03-04 21:58:12,844 - [416/1000] 41.6% - https://th-tool.by/vtulka-klapana-k-pnevmogaykovertu-nc-8382/...
2026-03-04 21:58:13,192 - [417/1000] 41.7% - https://th-tool.by/knopka-k-pnevmogaykovertu-nc-8382/...
2026-03-04 21:58:13,540 - [418/1000] 41.8% - https://th-tool.by/opravka-rezbovaya-m6-k-pnevmogidravlicheskomu-zakle...
2026-03-04 21:58:13,888 - [419/1000] 41.9% - https://th-tool.by/lopasti-4sht-k-pnevmootreznoy-mashinke-qb-117/...
2026-03-04 21:58:14,236 - [420/1000] 42.0% - https://th-tool.by/bita-12-luchevaya-spline-m8kh75mm-10mm/...
2026-03-04 21:58:14,583 - [421/1000] 42.1% - https://th-tool.by/korpus-udarnyy-mekhanizm/...
2026-03-04 21:58:14,931 - [422/1000] 42.2% - https://th-tool.by/val_1/...
2026-03-04 21:58:15,280 - [423/1000] 42.3% - https://th-tool.by/molotok_1/...
2026-03-04 21:58:15,628 - [424/1000] 42.4% - https://th-tool.by/korpus-molotkov/...
2026-03-04 21:58:15,976 - [425/1000] 42.5% - https://th-tool.by/shpilka-k-pnevmogaykovertu-rt-5560/...
2026-03-04 21:58:16,323 - [426/1000] 42.6% - https://th-tool.by/metallicheskaya-prokladka/...
2026-03-04 21:58:16,672 - [427/1000] 42.7% - https://th-tool.by/perednyaya-plastina_3/...
2026-03-04 21:58:17,019 - [428/1000] 42.8% - https://th-tool.by/lopasti-k-pnevmogaykovertu-rt-5560/...
2026-03-04 21:58:17,367 - [429/1000] 42.9% - https://th-tool.by/rotor_3/...
2026-03-04 21:58:17,715 - [430/1000] 43.0% - https://th-tool.by/pnevmoshlifovalnaya-mashinka-dlya-snyatiya-kleya-4-...
2026-03-04 21:58:18,064 - [431/1000] 43.1% - https://th-tool.by/tsilindr/...
2026-03-04 21:58:18,413 - [432/1000] 43.2% - https://th-tool.by/zadnyaya-plastina_2/...
2026-03-04 21:58:18,763 - [433/1000] 43.3% - https://th-tool.by/prokladka_3/...
2026-03-04 21:58:19,112 - [434/1000] 43.4% - https://th-tool.by/vtulka-vozdushnogo-klapana/...
2026-03-04 21:58:19,459 - [435/1000] 43.5% - https://th-tool.by/vozdushnyy-klapan/...
2026-03-04 21:58:19,807 - [436/1000] 43.6% - https://th-tool.by/pruzhina/...
2026-03-04 21:58:20,156 - [437/1000] 43.7% - https://th-tool.by/vtulka-podachi-vozdukha_2/...
2026-03-04 21:58:20,503 - [438/1000] 43.8% - https://th-tool.by/klapan-podachi-vozdukha/...
2026-03-04 21:58:20,851 - [439/1000] 43.9% - https://th-tool.by/pereklyuchatel_2/...
2026-03-04 21:58:21,199 - [440/1000] 44.0% - https://th-tool.by/zadnyaya-kryshka_2/...
2026-03-04 21:58:21,547 - [441/1000] 44.1% - https://th-tool.by/prokladka_4/...
2026-03-04 21:58:21,895 - [442/1000] 44.2% - https://th-tool.by/korpus-udarnogo-mekhanizma/...
2026-03-04 21:58:22,243 - [443/1000] 44.3% - https://th-tool.by/prokladka_5/...
2026-03-04 21:58:22,592 - [444/1000] 44.4% - https://th-tool.by/vtulka-vala_2/...
2026-03-04 21:58:22,940 - [445/1000] 44.5% - https://th-tool.by/val-k-pnevmogaykovertu-rt-5562/...
2026-03-04 21:58:23,288 - [446/1000] 44.6% - https://th-tool.by/shesterni-komplekt-k-pnevmootreznoy-mashinke-qb-135...
2026-03-04 21:58:23,636 - [447/1000] 44.7% - https://th-tool.by/lopasti-k-pnevmootreznoy-mashinke-qb-135/...
2026-03-04 21:58:23,983 - [448/1000] 44.8% - https://th-tool.by/shpilka-molotka/...
2026-03-04 21:58:24,331 - [449/1000] 44.9% - https://th-tool.by/metallicheskaya-prokladka_1/...
2026-03-04 21:58:24,679 - [450/1000] 45.0% - https://th-tool.by/perednyaya-plastina_4/...
2026-03-04 21:58:25,027 - 
--- Прогресс: 450/1000 | Успешно: 0 | Ошибки: 450 | Время: 2.6 мин ---

2026-03-04 21:58:25,027 - [451/1000] 45.1% - https://th-tool.by/bita-12-luchevaya-spline-m10kh75mm-10mm/...
2026-03-04 21:58:25,376 - [452/1000] 45.2% - https://th-tool.by/lopasti-k-pnevmogaykovertu-rt-5562/...
2026-03-04 21:58:25,724 - [453/1000] 45.3% - https://th-tool.by/rotor_4/...
2026-03-04 21:58:26,072 - [454/1000] 45.4% - https://th-tool.by/shpilka-k-pnevmogaykovertu-rt-5562/...
2026-03-04 21:58:26,420 - [455/1000] 45.5% - https://th-tool.by/tsilindr-k-pnevmogaykovertu-rt-5562/...
2026-03-04 21:58:26,768 - [456/1000] 45.6% - https://th-tool.by/zadnyaya-plastina_3/...
2026-03-04 21:58:27,116 - [457/1000] 45.7% - https://th-tool.by/korpus-k-pnevmogaykovertu-rt-5562/...
2026-03-04 21:58:27,464 - [458/1000] 45.8% - https://th-tool.by/knopka-k-pnevmogaykovertu-rt-5562/...
2026-03-04 21:58:27,811 - [459/1000] 45.9% - https://th-tool.by/pereklyuchatel-reversa-k-pnevmogaykovertu-rt-5562/...
2026-03-04 21:58:28,159 - [460/1000] 46.0% - https://th-tool.by/prokladka-k-pnevmogaykovertu-rt-5562/...
2026-03-04 21:58:28,508 - [461/1000] 46.1% - https://th-tool.by/zadnyaya-kryshka_3/...
2026-03-04 21:58:28,856 - [462/1000] 46.2% - https://th-tool.by/korpus-udarnogo-mekhanizma_1/...
2026-03-04 21:58:29,204 - [463/1000] 46.3% - https://th-tool.by/prokladka_6/...
2026-03-04 21:58:29,551 - [464/1000] 46.4% - https://th-tool.by/uplotnitelnoe-koltso/...
2026-03-04 21:58:29,899 - [465/1000] 46.5% - https://th-tool.by/vtulka-vala_3/...
2026-03-04 21:58:30,247 - [466/1000] 46.6% - https://th-tool.by/val-k-pnevmogaykovertu-rt-5665/...
2026-03-04 21:58:30,595 - [467/1000] 46.7% - https://th-tool.by/vtulka-udarnogo-korpusa/...
2026-03-04 21:58:30,943 - [468/1000] 46.8% - https://th-tool.by/udarnaya-chast-molotok-k-pnevmogaykovertu-rt-5665/...
2026-03-04 21:58:31,291 - [469/1000] 46.9% - https://th-tool.by/kulak-udarnogo-mekhanizma-k-pnevmogaykovertu-rt-566...
2026-03-04 21:58:31,639 - [470/1000] 47.0% - https://th-tool.by/korpus-molotka_1/...
2026-03-04 21:58:31,988 - [471/1000] 47.1% - https://th-tool.by/korpus/...
2026-03-04 21:58:32,335 - [472/1000] 47.2% - https://th-tool.by/perednyaya-plastina_5/...
2026-03-04 21:58:32,683 - [473/1000] 47.3% - https://th-tool.by/lopasti-k-pnevmootreznoy-mashinke-uglovoy-mini-qc-2...
2026-03-04 21:58:33,031 - [474/1000] 47.4% - https://th-tool.by/rotor_5/...
2026-03-04 21:58:33,379 - [475/1000] 47.5% - https://th-tool.by/tsilindr_1/...
2026-03-04 21:58:33,727 - [476/1000] 47.6% - https://th-tool.by/zadnyaya-plastina_4/...
2026-03-04 21:58:34,075 - [477/1000] 47.7% - https://th-tool.by/prokladka-zadnyaya-k-pnevmogaykovertu-rt-5665/...
2026-03-04 21:58:34,422 - [478/1000] 47.8% - https://th-tool.by/ruchka-k-pnevmogaykovertu-rt-5665/...
2026-03-04 21:58:34,770 - [479/1000] 47.9% - https://th-tool.by/bolt/...
2026-03-04 21:58:35,118 - [480/1000] 48.0% - https://th-tool.by/zazhimy-k-prisposobleniyu-dlya-zameny-pylnika-shrus...
2026-03-04 21:58:35,467 - [481/1000] 48.1% - https://th-tool.by/ruchka/...
2026-03-04 21:58:35,815 - [482/1000] 48.2% - https://th-tool.by/bita-torx-t70kh75mml-14mm/...
2026-03-04 21:58:36,162 - [483/1000] 48.3% - https://th-tool.by/bolt_1/...
2026-03-04 21:58:36,511 - [484/1000] 48.4% - https://th-tool.by/drossel-vozdushnyy-k-pnevmoshpritsu-sg-400/...
2026-03-04 21:58:36,860 - [485/1000] 48.5% - https://th-tool.by/vtulka-vala_4/...
2026-03-04 21:58:37,211 - [486/1000] 48.6% - https://th-tool.by/pruzhinnyy-zamok/...
2026-03-04 21:58:37,559 - [487/1000] 48.7% - https://th-tool.by/uplotnitelnoe-koltso_1/...
2026-03-04 21:58:37,906 - [488/1000] 48.8% - https://th-tool.by/val-k-pnevmogaykovertu-rt-5770/...
2026-03-04 21:58:38,255 - [489/1000] 48.9% - https://th-tool.by/molotok_2/...
2026-03-04 21:58:38,602 - [490/1000] 49.0% - https://th-tool.by/kulak-udarnogo-mekhanizma-k-pnevmogaykovertu-rt-577...
2026-03-04 21:58:38,951 - [491/1000] 49.1% - https://th-tool.by/korpus-molotka_2/...
2026-03-04 21:58:39,299 - [492/1000] 49.2% - https://th-tool.by/prokladka-k-pnevmostepleru-sj-1850f/...
2026-03-04 21:58:39,646 - [493/1000] 49.3% - https://th-tool.by/korpus_1/...
2026-03-04 21:58:39,994 - [494/1000] 49.4% - https://th-tool.by/klapan-porshnya-k-pnevmostepleru-sj-1850f/...
2026-03-04 21:58:40,342 - [495/1000] 49.5% - https://th-tool.by/perednyaya-plastina_6/...
2026-03-04 21:58:40,692 - [496/1000] 49.6% - https://th-tool.by/rotor-v-pnevmogaykovertu-rt-5770/...
2026-03-04 21:58:41,042 - [497/1000] 49.7% - https://th-tool.by/tsilindr_2/...
2026-03-04 21:58:41,391 - [498/1000] 49.8% - https://th-tool.by/igolchatyy-klapan/...
2026-03-04 21:58:41,739 - [499/1000] 49.9% - https://th-tool.by/korpus-udarnyy-mekhanizm_1/...
2026-03-04 21:58:42,086 - [500/1000] 50.0% - https://th-tool.by/prokladka_7/...
2026-03-04 21:58:42,434 - 
--- Прогресс: 500/1000 | Успешно: 0 | Ошибки: 500 | Время: 2.9 мин ---

2026-03-04 21:58:42,435 - [501/1000] 50.1% - https://th-tool.by/tsilindr-k-pnevmostepleru-sj-1850f/...
2026-03-04 21:58:42,782 - [502/1000] 50.2% - https://th-tool.by/val-k-pnevmogaykovertu-rt-5990/...
2026-03-04 21:58:43,130 - [503/1000] 50.3% - https://th-tool.by/vtulka-udarnogo-korpusa_1/...
2026-03-04 21:58:43,479 - [504/1000] 50.4% - https://th-tool.by/koltso-rezinovoe-k-pnevmostepleru-sj-1850f/...
2026-03-04 21:58:43,827 - [505/1000] 50.5% - https://th-tool.by/kulak/...
2026-03-04 21:58:44,175 - [506/1000] 50.6% - https://th-tool.by/korpus-molotka_3/...
2026-03-04 21:58:44,522 - [507/1000] 50.7% - https://th-tool.by/koltso-rezinovoe-tsilindra-k-pnevmostepleru-sj-1850...
2026-03-04 21:58:44,870 - [508/1000] 50.8% - https://th-tool.by/perednyaya-plastina_7/...
2026-03-04 21:58:45,218 - [509/1000] 50.9% - https://th-tool.by/soplo-k-pnevmostepleru-sj-1850f/...
2026-03-04 21:58:45,567 - [510/1000] 51.0% - https://th-tool.by/rotor_6/...
2026-03-04 21:58:45,914 - [511/1000] 51.1% - https://th-tool.by/tsilindr-k-pnevmogaykovertu-rt-5990/...
2026-03-04 21:58:46,262 - [512/1000] 51.2% - https://th-tool.by/zadnyaya-plastina_5/...
2026-03-04 21:58:46,610 - [513/1000] 51.3% - https://th-tool.by/prokladka-zadnyaya-k-pnevmogaykovertu-rt-5990/...
2026-03-04 21:58:46,958 - [514/1000] 51.4% - https://th-tool.by/koltso-rezinovoe-k-pnevmostepleru-sj-1850f_1/...
2026-03-04 21:58:47,306 - [515/1000] 51.5% - https://th-tool.by/vtulka-podachi-vozdukha_3/...
2026-03-04 21:58:47,653 - [516/1000] 51.6% - https://th-tool.by/klapan/...
2026-03-04 21:58:48,003 - [517/1000] 51.7% - https://th-tool.by/korpus-udarnyy-mekhanizm_2/...
2026-03-04 21:58:48,350 - [518/1000] 51.8% - https://th-tool.by/shplint-k-pnevmogaykovertu-rt-5660/...
2026-03-04 21:58:48,698 - [519/1000] 51.9% - https://th-tool.by/koltso-rezinovoe-k-pnevmogaykovertu-rt-5660/...
2026-03-04 21:58:49,046 - [520/1000] 52.0% - https://th-tool.by/koltso-rezinovoe-k-pnevmostepleru-sj-1850f_2/...
2026-03-04 21:58:49,394 - [521/1000] 52.1% - https://th-tool.by/korpus-molotka-k-pnevmogaykoverta-rt-5660/...
2026-03-04 21:58:49,742 - [522/1000] 52.2% - https://th-tool.by/korpus_2/...
2026-03-04 21:58:50,090 - [523/1000] 52.3% - https://th-tool.by/semnik-stopornykh-kolets-gnutyy-na-szhim-90-l-175mm...
2026-03-04 21:58:50,439 - [524/1000] 52.4% - https://th-tool.by/vtulka-klapana-k-pnevmostepleru-sj-1850f/...
2026-03-04 21:58:50,786 - [525/1000] 52.5% - https://th-tool.by/perednyaya-plastina_8/...
2026-03-04 21:58:51,134 - [526/1000] 52.6% - https://th-tool.by/shplint/...
2026-03-04 21:58:51,482 - [527/1000] 52.7% - https://th-tool.by/rotor_7/...
2026-03-04 21:58:51,835 - [528/1000] 52.8% - https://th-tool.by/zadnyaya-plastina_6/...
2026-03-04 21:58:52,182 - [529/1000] 52.9% - https://th-tool.by/shplint_1/...
2026-03-04 21:58:52,530 - [530/1000] 53.0% - https://th-tool.by/prokladka_8/...
2026-03-04 21:58:52,878 - [531/1000] 53.1% - https://th-tool.by/zadnyaya-kryshka_4/...
2026-03-04 21:58:53,225 - [532/1000] 53.2% - https://th-tool.by/bolt_2/...
2026-03-04 21:58:53,574 - [533/1000] 53.3% - https://th-tool.by/lopasti-k-pnevmogaykovertu-rt-5660/...
2026-03-04 21:58:53,922 - [534/1000] 53.4% - https://th-tool.by/semnik-stopornykh-kolets-pryamoy-na-szhim-l-150mm-v...
2026-03-04 21:58:54,269 - [535/1000] 53.5% - https://th-tool.by/shplint_2/...
2026-03-04 21:58:54,618 - [536/1000] 53.6% - https://th-tool.by/pruzhina_1/...
2026-03-04 21:58:54,966 - [537/1000] 53.7% - https://th-tool.by/shplint_3/...
2026-03-04 21:58:55,313 - [538/1000] 53.8% - https://th-tool.by/korpus-udarnyy-mekhanizm_3/...
2026-03-04 21:58:55,661 - [539/1000] 53.9% - https://th-tool.by/prokladka_9/...
2026-03-04 21:58:56,010 - [540/1000] 54.0% - https://th-tool.by/vtulka-vala_5/...
2026-03-04 21:58:56,358 - [541/1000] 54.1% - https://th-tool.by/val-k-pnevmogaykovertu-rt-5563/...
2026-03-04 21:58:56,706 - [542/1000] 54.2% - https://th-tool.by/molotok_3/...
2026-03-04 21:58:57,054 - [543/1000] 54.3% - https://th-tool.by/koltso-rezinovoe-k-pnevmostepleru-sj-1850f_3/...
2026-03-04 21:58:57,403 - [544/1000] 54.4% - https://th-tool.by/pruzhina-k-pnevmostepleru-sj-1850f/...
2026-03-04 21:58:57,758 - [545/1000] 54.5% - https://th-tool.by/metallicheskaya-prokladka_2/...
2026-03-04 21:58:58,106 - [546/1000] 54.6% - https://th-tool.by/perednyaya-plastina_9/...
2026-03-04 21:58:58,454 - [547/1000] 54.7% - https://th-tool.by/lopasti-k-pnevmogaykovertu-rt-5563/...
2026-03-04 21:58:58,802 - [548/1000] 54.8% - https://th-tool.by/rotor_8/...
2026-03-04 21:58:59,159 - [549/1000] 54.9% - https://th-tool.by/shplint_4/...
2026-03-04 21:58:59,506 - [550/1000] 55.0% - https://th-tool.by/tsilindr_3/...
2026-03-04 21:58:59,853 - 
--- Прогресс: 550/1000 | Успешно: 0 | Ошибки: 550 | Время: 3.2 мин ---

2026-03-04 21:58:59,853 - [551/1000] 55.1% - https://th-tool.by/shtok-klapana-k-pnevmostepleru-sj-1850f/...
2026-03-04 21:59:00,203 - [552/1000] 55.2% - https://th-tool.by/korpus_3/...
2026-03-04 21:59:00,553 - [553/1000] 55.3% - https://th-tool.by/zadnyaya-kryshka_5/...
2026-03-04 21:59:00,901 - [554/1000] 55.4% - https://th-tool.by/prokladka_10/...
2026-03-04 21:59:01,249 - [555/1000] 55.5% - https://th-tool.by/troynik-nar-rezba-3-8-h-d/...
2026-03-04 21:59:01,597 - [556/1000] 55.6% - https://th-tool.by/vtulka-podachi-vozdukha_4/...
2026-03-04 21:59:01,944 - [557/1000] 55.7% - https://th-tool.by/klapan-podachi-vozdukha_1/...
2026-03-04 21:59:02,293 - [558/1000] 55.8% - https://th-tool.by/rychag-klapana/...
2026-03-04 21:59:02,641 - [559/1000] 55.9% - https://th-tool.by/korpus_4/...
2026-03-04 21:59:02,988 - [560/1000] 56.0% - https://th-tool.by/koltso-rezinovoe-k-pnevmostepleru-sj-1850f_4/...
2026-03-04 21:59:03,337 - [561/1000] 56.1% - https://th-tool.by/pruzhina-klapana-k-pnevmoshlifmashinke-rt-2131/...
2026-03-04 21:59:03,685 - [562/1000] 56.2% - https://th-tool.by/verkhnyaya-plastina/...
2026-03-04 21:59:04,033 - [563/1000] 56.3% - https://th-tool.by/tsilindr_4/...
2026-03-04 21:59:04,381 - [564/1000] 56.4% - https://th-tool.by/nizhnyaya-plastina/...
2026-03-04 21:59:04,729 - [565/1000] 56.5% - https://th-tool.by/balansir/...
2026-03-04 21:59:05,077 - [566/1000] 56.6% - https://th-tool.by/prokladka-k-pnevmoshlifmashinke-rt-2131/...
2026-03-04 21:59:05,424 - [567/1000] 56.7% - https://th-tool.by/podlozhka-6-dlya-pnevmoshlifovalnoy-mashinki-rt-213...
2026-03-04 21:59:05,773 - [568/1000] 56.8% - https://th-tool.by/podlozhka-5-dlya-pnevmoshlifovalnoy-mashinki-rt-213...
2026-03-04 21:59:06,121 - [569/1000] 56.9% - https://th-tool.by/koltso-rezinovoe-k-pnevmostepleru-sj-1850f_5/...
2026-03-04 21:59:06,468 - [570/1000] 57.0% - https://th-tool.by/predokhranitel-vozdushnyy-k-pnevmostepleru-sj-1850f...
2026-03-04 21:59:06,817 - [571/1000] 57.1% - https://th-tool.by/rotor_9/...
2026-03-04 21:59:07,165 - [572/1000] 57.2% - https://th-tool.by/lopasti-k-pnevmoshlifmashinke-rt-2131/...
2026-03-04 21:59:07,512 - [573/1000] 57.3% - https://th-tool.by/korpus_5/...
2026-03-04 21:59:07,861 - [574/1000] 57.4% - https://th-tool.by/tsilindr_5/...
2026-03-04 21:59:08,209 - [575/1000] 57.5% - https://th-tool.by/rotor_10/...
2026-03-04 21:59:08,556 - [576/1000] 57.6% - https://th-tool.by/semnik-stopornykh-kolets-gnutyy-na-razzhim-90-l-175...
2026-03-04 21:59:08,905 - [577/1000] 57.7% - https://th-tool.by/rychag-klapana_1/...
2026-03-04 21:59:09,252 - [578/1000] 57.8% - https://th-tool.by/shponka-k-pnevmoshlifmashinke-rt-2133/...
2026-03-04 21:59:09,600 - [579/1000] 57.9% - https://th-tool.by/nizhnyaya-plastina_1/...
2026-03-04 21:59:09,949 - [580/1000] 58.0% - https://th-tool.by/lopasti-k-pnevmoshlifmashinke-rt-2133/...
2026-03-04 21:59:10,297 - [581/1000] 58.1% - https://th-tool.by/verkhnyaya-plastina_1/...
2026-03-04 21:59:10,644 - [582/1000] 58.2% - https://th-tool.by/zamok/...
2026-03-04 21:59:10,993 - [583/1000] 58.3% - https://th-tool.by/balansir_1/...
2026-03-04 21:59:11,340 - [584/1000] 58.4% - https://th-tool.by/igolchatyy-klapan_1/...
2026-03-04 21:59:11,689 - [585/1000] 58.5% - https://th-tool.by/koltso-tsilindra/...
2026-03-04 21:59:12,036 - [586/1000] 58.6% - https://th-tool.by/klapan_1/...
2026-03-04 21:59:12,384 - [587/1000] 58.7% - https://th-tool.by/boek-p10-15-k-pnevmostepleru-sj-1850f/...
2026-03-04 21:59:12,732 - [588/1000] 58.8% - https://th-tool.by/pruzhina_2/...
2026-03-04 21:59:13,080 - [589/1000] 58.9% - https://th-tool.by/regulyator/...
2026-03-04 21:59:13,428 - [590/1000] 59.0% - https://th-tool.by/koltso-rezinovoe-k-pnevmostepleru-sj-1850f-2sht-k-t...
2026-03-04 21:59:13,776 - [591/1000] 59.1% - https://th-tool.by/kurok/...
2026-03-04 21:59:14,125 - [592/1000] 59.2% - https://th-tool.by/klapan-v-sbore/...
2026-03-04 21:59:14,472 - [593/1000] 59.3% - https://th-tool.by/porshen-k-pnevmomolotku-rt-3501/...
2026-03-04 21:59:14,821 - [594/1000] 59.4% - https://th-tool.by/pruzhina-k-pnevmomolotku-rt-3501/...
2026-03-04 21:59:15,168 - [595/1000] 59.5% - https://th-tool.by/stopor-k-pnevmostepleru-su-8016/...
2026-03-04 21:59:15,517 - [596/1000] 59.6% - https://th-tool.by/prokladka-k-pnevmostepleru-su-8016/...
2026-03-04 21:59:15,868 - [597/1000] 59.7% - https://th-tool.by/semnik-stopornykh-kolets-pryamoy-na-razzhim-l-180mm...
2026-03-04 21:59:16,216 - [598/1000] 59.8% - https://th-tool.by/nabor-koronok-sds-65-i-80mm-geko/...
2026-03-04 21:59:16,564 - [599/1000] 59.9% - https://th-tool.by/khon-dlya-rastochki-tsilindrov-diapazon-50-178mm/...
2026-03-04 21:59:16,912 - [600/1000] 60.0% - https://th-tool.by/klyuch-dlya-sverlilnogo-patrona-10mm-geko/...
2026-03-04 21:59:17,260 - 
--- Прогресс: 600/1000 | Успешно: 0 | Ошибки: 600 | Время: 3.5 мин ---

2026-03-04 21:59:17,260 - [601/1000] 60.1% - https://th-tool.by/patron-sverlilnyy-10-v12-s-klyuchikom-geko/...
2026-03-04 21:59:17,608 - [602/1000] 60.2% - https://th-tool.by/bita-3-luchevaya-1kh25mm-1-4/...
2026-03-04 21:59:17,956 - [603/1000] 60.3% - https://th-tool.by/patron-sverlilnyy-13-1-25mm-s-klyuchikom-geko/...
2026-03-04 21:59:18,304 - [604/1000] 60.4% - https://th-tool.by/koltso-rezinovoe-tsilindra-k-pnevmostepleru-su-8016...
2026-03-04 21:59:18,652 - [605/1000] 60.5% - https://th-tool.by/patron-sverlilnyy-samozazh-13-1-2-polumet-geko/...
2026-03-04 21:59:18,999 - [606/1000] 60.6% - https://th-tool.by/domkrat-podkatnoy-gidravlicheskiy-2-t-usilennyy-niz...
2026-03-04 21:59:19,349 - [607/1000] 60.7% - https://th-tool.by/patron-sverlilnyy-samozazh-2-13-1-2-geko/...
2026-03-04 21:59:19,696 - [608/1000] 60.8% - https://th-tool.by/nabor-koronok-sds-350mm-65-i80mm/...
2026-03-04 21:59:20,044 - [609/1000] 60.9% - https://th-tool.by/nabor-koronok-sds-i-hex-65-i80mm/...
2026-03-04 21:59:20,392 - [610/1000] 61.0% - https://th-tool.by/sverla-koronchatye-sds-30-40-65-80-100mm-geko/...
2026-03-04 21:59:20,740 - [611/1000] 61.1% - https://th-tool.by/nabor-instrumenta-46pr-1-4-6-gran-4-14mm/...
2026-03-04 21:59:21,088 - [612/1000] 61.2% - https://th-tool.by/korpus-k-pnevmogaykovertu-st-55883-8/...
2026-03-04 21:59:21,437 - [613/1000] 61.3% - https://th-tool.by/gayka-k-pnevmogaykovertu-st-55883-8/...
2026-03-04 21:59:21,785 - [614/1000] 61.4% - https://th-tool.by/kurok-k-pnevmogaykovertu-st-55883-8/...
2026-03-04 21:59:22,131 - [615/1000] 61.5% - https://th-tool.by/klapan-k-pnevmogaykovertu-st-55883-8/...
2026-03-04 21:59:22,480 - [616/1000] 61.6% - https://th-tool.by/vtulka-klapana-k-pnevmogaykovertu-st-55883-8/...
2026-03-04 21:59:22,828 - [617/1000] 61.7% - https://th-tool.by/prokladka-k-pnevmogaykovertu-st-55883-8-st-55883/...
2026-03-04 21:59:23,179 - [618/1000] 61.8% - https://th-tool.by/zadnyaya-kryshka-k-pnevmogaykovertu-st-55883-8/...
2026-03-04 21:59:23,528 - [619/1000] 61.9% - https://th-tool.by/zadnyaya-plastina-k-pnevmogaykovertu-st-55883-8/...
2026-03-04 21:59:23,875 - [620/1000] 62.0% - https://th-tool.by/rotor-k-pnevmogaykovertu-st-55883-8/...
2026-03-04 21:59:24,223 - [621/1000] 62.1% - https://th-tool.by/lopast-k-pnevmogaykovertu-st-55883-k-t-6-sht/...
2026-03-04 21:59:24,571 - [622/1000] 62.2% - https://th-tool.by/shtutser-yolochka-10mm-nar-rezba-3-4-h-d/...
2026-03-04 21:59:24,920 - [623/1000] 62.3% - https://th-tool.by/tsilindr-k-pnevmogaykovertu-st-55883-8/...
2026-03-04 21:59:25,268 - [624/1000] 62.4% - https://th-tool.by/perednyaya-plastina-k-pnevmogaykovertu-st-55883-8/...
2026-03-04 21:59:25,616 - [625/1000] 62.5% - https://th-tool.by/vtulka-vala-k-pnevmogaykovertu-st-55883/...
2026-03-04 21:59:25,963 - [626/1000] 62.6% - https://th-tool.by/korpus-udarnogo-mekhanizma-k-pnevmogaykovertu-st-55...
2026-03-04 21:59:26,311 - [627/1000] 62.7% - https://th-tool.by/prokladka-k-pnevmogaykovertu-st-55883-8/...
2026-03-04 21:59:26,659 - [628/1000] 62.8% - https://th-tool.by/korpus-molotka-k-pnevmogaykovertu-st-55883-8/...
2026-03-04 21:59:27,008 - [629/1000] 62.9% - https://th-tool.by/molotok-k-pnevmogaykovertu-st-55883-8/...
2026-03-04 21:59:27,355 - [630/1000] 63.0% - https://th-tool.by/shpilka-k-pnevmogaykovertu-st-55883-8/...
2026-03-04 21:59:27,704 - [631/1000] 63.1% - https://th-tool.by/val-1-k-pnevmogaykovertu-st-55883/...
2026-03-04 21:59:28,053 - [632/1000] 63.2% - https://th-tool.by/val-8-k-pnevmogaykovertu-st-55883-8/...
2026-03-04 21:59:28,400 - [633/1000] 63.3% - https://th-tool.by/bita-6-grannaya-h6kh30mml-10mm/...
2026-03-04 21:59:28,747 - [634/1000] 63.4% - https://th-tool.by/ruchka-k-pnevmogaykovertu-st-55883-8/...
2026-03-04 21:59:29,095 - [635/1000] 63.5% - https://th-tool.by/korpus-k-pnevmogaykovertu-sm-43-4037/...
2026-03-04 21:59:29,444 - [636/1000] 63.6% - https://th-tool.by/zadnyaya-plastina-k-pnevmogaykovertu-sm-43-4037/...
2026-03-04 21:59:29,793 - [637/1000] 63.7% - https://th-tool.by/rotor-k-pnevmogaykovertu-sm-43-4037/...
2026-03-04 21:59:30,144 - [638/1000] 63.8% - https://th-tool.by/lopast-k-pnevmogaykovertu-sm-43-4037-k-t-6-sht/...
2026-03-04 21:59:30,492 - [639/1000] 63.9% - https://th-tool.by/perednyaya-plastina-k-pnevmogaykovertu-sm-43-4037/...
2026-03-04 21:59:30,840 - [640/1000] 64.0% - https://th-tool.by/pereklyuchatel-k-pnevmogaykovertu-sm-43-4037/...
2026-03-04 21:59:31,187 - [641/1000] 64.1% - https://th-tool.by/rezinovoe-koltso-k-pnevmogaykovertu-sm-43-4037/...
2026-03-04 21:59:31,535 - [642/1000] 64.2% - https://th-tool.by/domkrat-podkatnoy-gidravlicheskiy-dvukhporshnevoy-3...
2026-03-04 21:59:31,883 - [643/1000] 64.3% - https://th-tool.by/pruzhina-k-pnevmogaykovertu-sm-43-4037/...
2026-03-04 21:59:32,231 - [644/1000] 64.4% - https://th-tool.by/stopornyy-sharik-k-pnevmogaykovertu-sm-43-4037/...
2026-03-04 21:59:32,580 - [645/1000] 64.5% - https://th-tool.by/korpus-udarnogo-mekhanizma-k-pnevmogaykovertu-sm-43...
2026-03-04 21:59:32,927 - [646/1000] 64.6% - https://th-tool.by/rezinovoe-koltso-k-pnevmogaykovertu-sm-43-4037_1/...
2026-03-04 21:59:33,275 - [647/1000] 64.7% - https://th-tool.by/prokladka-k-pnevmogaykovertu-sm-43-4037/...
2026-03-04 21:59:33,624 - [648/1000] 64.8% - https://th-tool.by/pruzhina-klapana-k-pnevmogaykovertu-sm-43-4037/...
2026-03-04 21:59:33,972 - [649/1000] 64.9% - https://th-tool.by/klapan-k-pnevmogaykovertu-sm-43-4037/...
2026-03-04 21:59:34,319 - [650/1000] 65.0% - https://th-tool.by/vtulka-klapana-k-pnevmogaykovertu-sm-43-4037/...
2026-03-04 21:59:34,667 - 
--- Прогресс: 650/1000 | Успешно: 0 | Ошибки: 650 | Время: 3.8 мин ---

2026-03-04 21:59:34,667 - [651/1000] 65.1% - https://th-tool.by/korpus-k-pnevmogaykovertu-st-5548/...
2026-03-04 21:59:35,015 - [652/1000] 65.2% - https://th-tool.by/fiksator-kurka-k-pnevmogaykovertu-st-5548/...
2026-03-04 21:59:35,364 - [653/1000] 65.3% - https://th-tool.by/gayka-k-pnevmogaykovertu-st-5548/...
2026-03-04 21:59:35,712 - [654/1000] 65.4% - https://th-tool.by/klapan-k-pnevmogaykovertu-st-5548/...
2026-03-04 21:59:36,059 - [655/1000] 65.5% - https://th-tool.by/rezinovoe-koltso-k-pnevmogaykovertu-st-5548/...
2026-03-04 21:59:36,407 - [656/1000] 65.6% - https://th-tool.by/zadnyaya-plastina-k-pnevmogaykovertu-st-5548/...
2026-03-04 21:59:36,755 - [657/1000] 65.7% - https://th-tool.by/tsilindr-k-pnevmogaykovertu-st-5548/...
2026-03-04 21:59:37,104 - [658/1000] 65.8% - https://th-tool.by/perednyaya-plastina-k-pnevmogaykovertu-st-5548/...
2026-03-04 21:59:37,451 - [659/1000] 65.9% - https://th-tool.by/bita-6-grannaya-h4kh75mml-10mm/...
2026-03-04 21:59:37,799 - [660/1000] 66.0% - https://th-tool.by/prokladka-k-pnevmogaykovertu-st-5548/...
2026-03-04 21:59:38,151 - [661/1000] 66.1% - https://th-tool.by/pruzhina-klapana-k-pnevmogaykovertu-st-5548/...
2026-03-04 21:59:38,499 - [662/1000] 66.2% - https://th-tool.by/tsilindr-k-pnevmostepleru-su-8016/...
2026-03-04 21:59:38,847 - [663/1000] 66.3% - https://th-tool.by/korpus-k-pnevmogaykovertu-st-55881-7/...
2026-03-04 21:59:39,195 - [664/1000] 66.4% - https://th-tool.by/klapan-k-pnevmogaykovertu-st-55881-7/...
2026-03-04 21:59:39,544 - [665/1000] 66.5% - https://th-tool.by/prokladka-poronit-k-pnevmogaykovertu-st-55881-7/...
2026-03-04 21:59:39,891 - [666/1000] 66.6% - https://th-tool.by/zadnyaya-kryshka-k-pnevmogaykovertu-st-55881-7/...
2026-03-04 21:59:40,239 - [667/1000] 66.7% - https://th-tool.by/podshipnik-k-pnevmogaykovertu-st-55881-7/...
2026-03-04 21:59:40,587 - [668/1000] 66.8% - https://th-tool.by/zadnyaya-plastina-k-pnevmogaykovertu-st-55881-7/...
2026-03-04 21:59:40,936 - [669/1000] 66.9% - https://th-tool.by/rotor-k-pnevmogaykovertu-st-55881-7/...
2026-03-04 21:59:41,282 - [670/1000] 67.0% - https://th-tool.by/lopost-k-pnevmogaykovertu-st-55881-7-k-t-6-sht/...
2026-03-04 21:59:41,630 - [671/1000] 67.1% - https://th-tool.by/tsilindr-k-pnevmogaykovertu-st-55881-7/...
2026-03-04 21:59:41,980 - [672/1000] 67.2% - https://th-tool.by/perednyaya-plastina-k-pnevmogaykovertu-st-55881-7/...
2026-03-04 21:59:42,326 - [673/1000] 67.3% - https://th-tool.by/podshipnik-k-pnevmogaykovertu-st-55881-7_1/...
2026-03-04 21:59:42,675 - [674/1000] 67.4% - https://th-tool.by/klapan-reversa-k-pnevmogaykovertu-st-55881-7/...
2026-03-04 21:59:43,022 - [675/1000] 67.5% - https://th-tool.by/pruzhina-k-pnevmogaykovertu-st-55881-7/...
2026-03-04 21:59:43,371 - [676/1000] 67.6% - https://th-tool.by/shpilka-k-pnevmogaykovertu-st-55881-7/...
2026-03-04 21:59:43,719 - [677/1000] 67.7% - https://th-tool.by/vtulka-klapana-k-pnevmogaykovertu-st-55881-7/...
2026-03-04 21:59:44,067 - [678/1000] 67.8% - https://th-tool.by/1-4-nabor-bit-s-bitoderzhatelem-31pr-25mml/...
2026-03-04 21:59:44,415 - [679/1000] 67.9% - https://th-tool.by/regulyator-k-pnevmogaykovertu-st-55881-7/...
2026-03-04 21:59:44,763 - [680/1000] 68.0% - https://th-tool.by/korpus-udarnogo-mekhanizma-k-pnevmogaykovertu-st-55...
2026-03-04 21:59:45,110 - [681/1000] 68.1% - https://th-tool.by/prokladka-poronit-k-pnevmogaykovertu-st-55881-7_1/...
2026-03-04 21:59:45,459 - [682/1000] 68.2% - https://th-tool.by/vtulka-vala-k-pnevmogaykovertu-st-55881-7/...
2026-03-04 21:59:45,807 - [683/1000] 68.3% - https://th-tool.by/metallicheskaya-prokladka-k-pnevmogaykovertu-st-558...
2026-03-04 21:59:46,154 - [684/1000] 68.4% - https://th-tool.by/korpus-molotka-k-pnevmogaykovertu-st-55881-7/...
2026-03-04 21:59:46,503 - [685/1000] 68.5% - https://th-tool.by/molotok-k-pnevmogaykovertu-st-55881-7/...
2026-03-04 21:59:46,850 - [686/1000] 68.6% - https://th-tool.by/shpilka-k-pnevmogaykovertu-st-55881-7_1/...
2026-03-04 21:59:47,199 - [687/1000] 68.7% - https://th-tool.by/val-k-pnevmogaykovertu-st-55881-7/...
2026-03-04 21:59:47,546 - [688/1000] 68.8% - https://th-tool.by/val-k-pnevmogaykovertu-st-55881-7_1/...
2026-03-04 21:59:47,895 - [689/1000] 68.9% - https://th-tool.by/ruchka-k-pnevmogaykovertu-st-55881-7/...
2026-03-04 21:59:48,243 - [690/1000] 69.0% - https://th-tool.by/vtulka-regulyatora-k-pnevmogaykovertu-st-55881-7/...
2026-03-04 21:59:48,591 - [691/1000] 69.1% - https://th-tool.by/vtulka-klapana-k-pnevmogaykovertu-st-5548/...
2026-03-04 21:59:48,939 - [692/1000] 69.2% - https://th-tool.by/napravlyayushchee-koltso-k-pnevmogaykovertu-st-5548...
2026-03-04 21:59:49,287 - [693/1000] 69.3% - https://th-tool.by/metallicheskaya-prokladka-k-pnevmogaykovertu-st-554...
2026-03-04 21:59:49,635 - [694/1000] 69.4% - https://th-tool.by/korpus-molotka-k-pnevmogaykovertu-st-5548/...
2026-03-04 21:59:49,983 - [695/1000] 69.5% - https://th-tool.by/molotok-k-pnevmogaykovertust-5548/...
2026-03-04 21:59:50,331 - [696/1000] 69.6% - https://th-tool.by/shtutser-yolochka-12mm-nar-rezba-3-4-h-d/...
2026-03-04 21:59:50,679 - [697/1000] 69.7% - https://th-tool.by/koltso-rezinovoe-k-k-pnevmostepleru-su-8016-d31-2/...
2026-03-04 21:59:51,027 - [698/1000] 69.8% - https://th-tool.by/rele-davleniya-3-vykhoda-k-kompressoru-serii-tb265/...
2026-03-04 21:59:51,374 - [699/1000] 69.9% - https://th-tool.by/otboynik-k-pnevmostepleru-su-8016/...
2026-03-04 21:59:51,722 - [700/1000] 70.0% - https://th-tool.by/rele-davleniya-s-manometrom/...
2026-03-04 21:59:52,071 - 
--- Прогресс: 700/1000 | Успешно: 0 | Ошибки: 700 | Время: 4.1 мин ---

2026-03-04 21:59:52,071 - [701/1000] 70.1% - https://th-tool.by/soplo-k-pnevmostepleru-su-8016/...
2026-03-04 21:59:52,419 - [702/1000] 70.2% - https://th-tool.by/boek-8016p05-k-pnevmostepleru-su-8016/...
2026-03-04 21:59:52,766 - [703/1000] 70.3% - https://th-tool.by/stopor-k-pnevmostepleru-su-9040/...
2026-03-04 21:59:53,114 - [704/1000] 70.4% - https://th-tool.by/klapan-porshnya-k-pnevmostepleru-su-9040/...
2026-03-04 21:59:53,463 - [705/1000] 70.5% - https://th-tool.by/napravlyayushchaya-k-pnevmostepleru-su-9040/...
2026-03-04 21:59:53,810 - [706/1000] 70.6% - https://th-tool.by/koltso-rezinovoe-k-pnevmostepleru-su-9040/...
2026-03-04 21:59:54,158 - [707/1000] 70.7% - https://th-tool.by/boek-k-pnevmostepleru-su-9040/...
2026-03-04 21:59:54,506 - [708/1000] 70.8% - https://th-tool.by/koltso-rezinovoe-40-2-5-k-pnevmostepleru-su-9040/...
2026-03-04 21:59:54,854 - [709/1000] 70.9% - https://th-tool.by/tsilindr-k-pnevmostepleru-su-9040/...
2026-03-04 21:59:55,202 - [710/1000] 71.0% - https://th-tool.by/koltso-rezinovoe-37-8-2-5-k-pnevmostepleru-su-9040/...
2026-03-04 21:59:55,550 - [711/1000] 71.1% - https://th-tool.by/otboynik-k-pnevmostepleru-su-9040/...
2026-03-04 21:59:55,898 - [712/1000] 71.2% - https://th-tool.by/domkrat-podkatnoy-gidravlicheskiy-2-5t/...
2026-03-04 21:59:56,247 - [713/1000] 71.3% - https://th-tool.by/koltso-rezinovoe-k-pnevmostepleru-su-9040_1/...
2026-03-04 21:59:56,594 - [714/1000] 71.4% - https://th-tool.by/vtulka-klapana-k-pnevmostepleru-su-9040/...
2026-03-04 21:59:56,942 - [715/1000] 71.5% - https://th-tool.by/gaykovert-ruchnoy-s-reduktorom-golovki-32mm-i-33mm-...
2026-03-04 21:59:57,290 - [716/1000] 71.6% - https://th-tool.by/gaykovert-ruchnoy-s-reduktorom-golovki-32mm-i-33mm-...
2026-03-04 21:59:57,639 - [717/1000] 71.7% - https://th-tool.by/gaykovert-ruchnoy-s-reduktorom-golovki-24mm-27mm-30...
2026-03-04 21:59:57,986 - [718/1000] 71.8% - https://th-tool.by/nozhnitsy-mnogofunktsionalnye-7-175mm/...
2026-03-04 21:59:58,334 - [719/1000] 71.9% - https://th-tool.by/gaykovert-ruchnoy-s-reduktorom-golovki-32mm-i-33mm-...
2026-03-04 21:59:58,682 - [720/1000] 72.0% - https://th-tool.by/gaykovert-ruchnoy-s-reduktorom-golovki-32mm-i-33mm-...
2026-03-04 21:59:59,030 - [721/1000] 72.1% - https://th-tool.by/gaykovert-ruchnoy-s-reduktorom-golovki-32mm-i-33mm-...
2026-03-04 21:59:59,378 - [722/1000] 72.2% - https://th-tool.by/koltso-rezinovoe-k-pnevmostepleru-su-9040_2/...
2026-03-04 21:59:59,726 - [723/1000] 72.3% - https://th-tool.by/bita-6-grannaya-h6kh75mm-10mm/...
2026-03-04 22:00:00,074 - [724/1000] 72.4% - https://th-tool.by/shtok-klapana-k-pnevmostepleru-su-9040/...
2026-03-04 22:00:00,423 - [725/1000] 72.5% - https://th-tool.by/koltso-rezinovoe-k-pnevmostepleru-su-9040_3/...
2026-03-04 22:00:00,770 - [726/1000] 72.6% - https://th-tool.by/kryshka-k-pnevmostepleru-su-9040/...
2026-03-04 22:00:01,118 - [727/1000] 72.7% - https://th-tool.by/koltso-rezinovoe-2sht-k-pnevmostepleru-su-9040/...
2026-03-04 22:00:01,466 - [728/1000] 72.8% - https://th-tool.by/3-4-golovka-50mm-univers-profil/...
2026-03-04 22:00:01,814 - [729/1000] 72.9% - https://th-tool.by/koltso-rezinovoe-2sht-k-pnevmostepleru-su-9040_1/...
2026-03-04 22:00:02,162 - [730/1000] 73.0% - https://th-tool.by/soplo-k-pnevmopistoletu-sx-2101/...
2026-03-04 22:00:02,510 - [731/1000] 73.1% - https://th-tool.by/trubka-k-pnevmopistoletu-sx-2101/...
2026-03-04 22:00:02,857 - [732/1000] 73.2% - https://th-tool.by/val-k-pnevmopistoletu-sx-2101/...
2026-03-04 22:00:03,206 - [733/1000] 73.3% - https://th-tool.by/vtulka-k-pnevmopistoletu-sx-2101/...
2026-03-04 22:00:03,554 - [734/1000] 73.4% - https://th-tool.by/gayka-m6-k-pnevmopistoletu-sx-2101/...
2026-03-04 22:00:03,903 - [735/1000] 73.5% - https://th-tool.by/trubka-soedinitelnaya-k-pnevmopistoletu-sx-2101/...
2026-03-04 22:00:04,250 - [736/1000] 73.6% - https://th-tool.by/trubka-k-pnevmopistoletu-sx-2101_1/...
2026-03-04 22:00:04,598 - [737/1000] 73.7% - https://th-tool.by/vint-k-pnevmopistoletu-sx-2101/...
2026-03-04 22:00:04,945 - [738/1000] 73.8% - https://th-tool.by/shayba-k-pnevmopistoletu-sx-2101/...
2026-03-04 22:00:05,294 - [739/1000] 73.9% - https://th-tool.by/korpus-klapana-k-pnevmopistoletu-sx-2101/...
2026-03-04 22:00:05,641 - [740/1000] 74.0% - https://th-tool.by/kryshka-k-pnevmopistoletu-sx-2101/...
2026-03-04 22:00:05,989 - [741/1000] 74.1% - https://th-tool.by/gayka-k-pnevmopistoletu-sx-2101/...
2026-03-04 22:00:06,338 - [742/1000] 74.2% - https://th-tool.by/remkomplekt-k-domkratu-th23003/...
2026-03-04 22:00:06,686 - [743/1000] 74.3% - https://th-tool.by/remkomplekt-k-domkratu-th33502/...
2026-03-04 22:00:07,034 - [744/1000] 74.4% - https://th-tool.by/remkomplekt-k-domkratu-th22009/...
2026-03-04 22:00:07,381 - [745/1000] 74.5% - https://th-tool.by/remkomplekt-k-domkratu-th33007/...
2026-03-04 22:00:07,729 - [746/1000] 74.6% - https://th-tool.by/remkomplekt-k-domkratu-th33004/...
2026-03-04 22:00:08,078 - [747/1000] 74.7% - https://th-tool.by/remkomplekt-k-domkratu-th22501s-th22501s/...
2026-03-04 22:00:08,426 - [748/1000] 74.8% - https://th-tool.by/remkomplekt-k-domkratu-th33003f/...
2026-03-04 22:00:08,776 - [749/1000] 74.9% - https://th-tool.by/prokladka-k-pnevmopistoletu-sx-2101/...
2026-03-04 22:00:09,126 - [750/1000] 75.0% - https://th-tool.by/remkomplekt-k-domkratu-th33005/...
2026-03-04 22:00:09,473 - 
--- Прогресс: 750/1000 | Успешно: 0 | Ошибки: 750 | Время: 4.4 мин ---

2026-03-04 22:00:09,473 - [751/1000] 75.1% - https://th-tool.by/komplekt-kamney-dlya-khona-3pr-fraktsiya-100-100kh1...
2026-03-04 22:00:09,821 - [752/1000] 75.2% - https://th-tool.by/remkomplekt-k-domkratu-th22005cb/...
2026-03-04 22:00:10,173 - [753/1000] 75.3% - https://th-tool.by/shtok-na-domkrat-th22005cb/...
2026-03-04 22:00:10,521 - [754/1000] 75.4% - https://th-tool.by/shtok-na-domkrat-th22009-th22501-th22501c-th23003/...
2026-03-04 22:00:10,869 - [755/1000] 75.5% - https://th-tool.by/predokhranitel-k-pnevmostepleru-f18-55c/...
2026-03-04 22:00:11,218 - [756/1000] 75.6% - https://th-tool.by/pruzhina-k-shpilkozabivnomu-pnevmopistoletu-pt-635l...
2026-03-04 22:00:11,566 - [757/1000] 75.7% - https://th-tool.by/stopor-porshnya-k-shpilkozabivnomu-pnevmopistoletu-...
2026-03-04 22:00:11,914 - [758/1000] 75.8% - https://th-tool.by/boyok-k-shpilkozabivnomu-pnevmopistoletu-pt-635l-92...
2026-03-04 22:00:12,267 - [759/1000] 75.9% - https://th-tool.by/tsilindr-k-shpilkozabivnomu-pnevmopistoletu-pt-635l...
2026-03-04 22:00:12,613 - [760/1000] 76.0% - https://th-tool.by/otboynik-k-shpilkozabivnomu-pnevmopistoletu-pt-635l...
2026-03-04 22:00:12,962 - [761/1000] 76.1% - https://th-tool.by/tsilindr-k-shtiftozabivnomu-pnevmopistoletu-lnf-32a...
2026-03-04 22:00:13,309 - [762/1000] 76.2% - https://th-tool.by/predokhranitel-k-shtiftozabivnomu-pnevmopistoletu-l...
2026-03-04 22:00:13,659 - [763/1000] 76.3% - https://th-tool.by/tsilindr-k-shtiftozabivnomu-pnevmopistoletu-lnf-50a...
2026-03-04 22:00:14,005 - [764/1000] 76.4% - https://th-tool.by/predokhranitel-k-shtiftozabivnomu-pnevmopistoletu-l...
2026-03-04 22:00:14,354 - [765/1000] 76.5% - https://th-tool.by/tsilindr-k-skobozabivnomu-pnevmopistoletu-lu-8016f-...
2026-03-04 22:00:14,701 - [766/1000] 76.6% - https://th-tool.by/stopor-porshnya-k-skobozabivnomu-pnevmopistoletu-lu...
2026-03-04 22:00:15,061 - [767/1000] 76.7% - https://th-tool.by/balon-k-pnevmopistoletu-sx-2101/...
2026-03-04 22:00:15,409 - [768/1000] 76.8% - https://th-tool.by/kryshka-k-pnevmopistoletu-sx-2101_1/...
2026-03-04 22:00:15,757 - [769/1000] 76.9% - https://th-tool.by/trubka-k-pnevmopistoletu-sx-2101_2/...
2026-03-04 22:00:16,105 - [770/1000] 77.0% - https://th-tool.by/metchikoderzhatel-2-m4-12/...
2026-03-04 22:00:16,454 - [771/1000] 77.1% - https://th-tool.by/metchikoderzhatel-3-m5-20/...
2026-03-04 22:00:16,801 - [772/1000] 77.2% - https://th-tool.by/shlang-dlya-aerografa-1-8-kh1-8-2m-prowin/...
2026-03-04 22:00:17,150 - [773/1000] 77.3% - https://th-tool.by/bita-shlitsevaya-1-0x5-5mm-25mm-1-4/...
2026-03-04 22:00:17,497 - [774/1000] 77.4% - https://th-tool.by/drel-shurupovert-400vt/...
2026-03-04 22:00:17,845 - [775/1000] 77.5% - https://th-tool.by/fen-promyshlennyy-elektricheskiy-s-nasadkami-3-rezh...
2026-03-04 22:00:18,193 - [776/1000] 77.6% - https://th-tool.by/klyuch-g-obraznyy-6-grannyy-2mm/...
2026-03-04 22:00:18,542 - [777/1000] 77.7% - https://th-tool.by/ugloshlifovalnaya-mashina-s-povorotnoy-rukoyatkoy-2...
2026-03-04 22:00:18,890 - [778/1000] 77.8% - https://th-tool.by/klyuch-g-obraznyy-6-grannyy-7mm/...
2026-03-04 22:00:19,237 - [779/1000] 77.9% - https://th-tool.by/shurupovert-akkumulyatornyy-14-4v-1-5ah-26nm-patron...
2026-03-04 22:00:19,585 - [780/1000] 78.0% - https://th-tool.by/drel-udarnaya-elektricheskaya-220v-800w-2700-ob-min...
2026-03-04 22:00:19,933 - [781/1000] 78.1% - https://th-tool.by/klyuch-g-obraznyy-6-grannyy-8mm/...
2026-03-04 22:00:20,286 - [782/1000] 78.2% - https://th-tool.by/klyuch-kombinirovannyy-6mm/...
2026-03-04 22:00:20,633 - [783/1000] 78.3% - https://th-tool.by/klyuch-kombinirovannyy-7mm/...
2026-03-04 22:00:20,981 - [784/1000] 78.4% - https://th-tool.by/klyuch-kombinirovannyy-8mm/...
2026-03-04 22:00:21,329 - [785/1000] 78.5% - https://th-tool.by/klyuch-kombinirovannyy-9mm/...
2026-03-04 22:00:21,677 - [786/1000] 78.6% - https://th-tool.by/klyuch-kombinirovannyy-10mm/...
2026-03-04 22:00:22,025 - [787/1000] 78.7% - https://th-tool.by/klyuch-kombinirovannyy-11mm/...
2026-03-04 22:00:22,373 - [788/1000] 78.8% - https://th-tool.by/klyuch-kombinirovannyy-12mm/...
2026-03-04 22:00:22,722 - [789/1000] 78.9% - https://th-tool.by/klyuch-kombinirovannyy-13mm/...
2026-03-04 22:00:23,069 - [790/1000] 79.0% - https://th-tool.by/klyuch-kombinirovannyy-14mm/...
2026-03-04 22:00:23,417 - [791/1000] 79.1% - https://th-tool.by/klyuch-kombinirovannyy-15mm/...
2026-03-04 22:00:23,765 - [792/1000] 79.2% - https://th-tool.by/klyuch-kombinirovannyy-16mm/...
2026-03-04 22:00:24,113 - [793/1000] 79.3% - https://th-tool.by/klyuch-kombinirovannyy-17mm/...
2026-03-04 22:00:24,461 - [794/1000] 79.4% - https://th-tool.by/klyuch-kombinirovannyy-18mm/...
2026-03-04 22:00:24,808 - [795/1000] 79.5% - https://th-tool.by/klyuch-kombinirovannyy-19mm/...
2026-03-04 22:00:25,157 - [796/1000] 79.6% - https://th-tool.by/klyuch-kombinirovannyy-20mm/...
2026-03-04 22:00:25,505 - [797/1000] 79.7% - https://th-tool.by/klyuch-kombinirovannyy-21mm/...
2026-03-04 22:00:25,853 - [798/1000] 79.8% - https://th-tool.by/klyuch-kombinirovannyy-22mm/...
2026-03-04 22:00:26,200 - [799/1000] 79.9% - https://th-tool.by/klyuch-kombinirovannyy-23mm/...
2026-03-04 22:00:26,549 - [800/1000] 80.0% - https://th-tool.by/klyuch-kombinirovannyy-24mm/...
2026-03-04 22:00:26,897 - 
--- Прогресс: 800/1000 | Успешно: 0 | Ошибки: 800 | Время: 4.6 мин ---

2026-03-04 22:00:26,897 - [801/1000] 80.1% - https://th-tool.by/klyuch-kombinirovannyy-27mm/...
2026-03-04 22:00:27,244 - [802/1000] 80.2% - https://th-tool.by/klyuch-kombinirovannyy-28mm/...
2026-03-04 22:00:27,593 - [803/1000] 80.3% - https://th-tool.by/klyuch-kombinirovannyy-30mm/...
2026-03-04 22:00:27,941 - [804/1000] 80.4% - https://th-tool.by/klyuch-kombinirovannyy-32mm/...
2026-03-04 22:00:28,289 - [805/1000] 80.5% - https://th-tool.by/nabor-klyuchey-rozhkovykh-8pr-6kh7-20kh22mm-v-plast...
2026-03-04 22:00:28,636 - [806/1000] 80.6% - https://th-tool.by/nabor-klyuchey-rozhkovykh-8pr-6kh7-20kh22mm-na-polo...
2026-03-04 22:00:28,985 - [807/1000] 80.7% - https://th-tool.by/nabor-klyuchey-rozhkovykh-12pr-6kh7-30kh32mm-v-plas...
2026-03-04 22:00:29,333 - [808/1000] 80.8% - https://th-tool.by/nabor-klyuchey-rozhkovykh-12pr-6kh7-30kh32mm-na-pol...
2026-03-04 22:00:29,681 - [809/1000] 80.9% - https://th-tool.by/klyuch-rozhkovyy-8kh9mm-v-prorezinennoy-opletke/...
2026-03-04 22:00:30,029 - [810/1000] 81.0% - https://th-tool.by/klyuch-rozhkovyy-10kh11mm-v-prorezinennoy-opletke/...
2026-03-04 22:00:30,376 - [811/1000] 81.1% - https://th-tool.by/klyuch-rozhkovyy-12kh13mm-v-prorezinennoy-opletke/...
2026-03-04 22:00:30,724 - [812/1000] 81.2% - https://th-tool.by/klyuch-rozhkovyy-14kh15mm-v-prorezinennoy-opletke/...
2026-03-04 22:00:31,072 - [813/1000] 81.3% - https://th-tool.by/klyuch-rozhkovyy-16kh17mm-v-prorezinennoy-opletke/...
2026-03-04 22:00:31,420 - [814/1000] 81.4% - https://th-tool.by/klyuch-rozhkovyy-18kh19mm-v-prorezinennoy-opletke/...
2026-03-04 22:00:31,769 - [815/1000] 81.5% - https://th-tool.by/klyuch-rozhkovyy-20kh22mm-v-prorezinennoy-opletke/...
2026-03-04 22:00:32,116 - [816/1000] 81.6% - https://th-tool.by/bita-6-grannaya-h8kh75mm-10mm/...
2026-03-04 22:00:32,465 - [817/1000] 81.7% - https://th-tool.by/klyuch-rozhkovyy-25kh28mm-v-prorezinennoy-opletke/...
2026-03-04 22:00:32,812 - [818/1000] 81.8% - https://th-tool.by/klyuch-rozhkovyy-30kh32mm-v-prorezinennoy-opletke/...
2026-03-04 22:00:33,160 - [819/1000] 81.9% - https://th-tool.by/klyuch-rozhkovyy-8kh9mm/...
2026-03-04 22:00:33,508 - [820/1000] 82.0% - https://th-tool.by/klyuch-rozhkovyy-10kh11mm/...
2026-03-04 22:00:33,856 - [821/1000] 82.1% - https://th-tool.by/klyuch-rozhkovyy-12kh13mm/...
2026-03-04 22:00:34,208 - [822/1000] 82.2% - https://th-tool.by/klyuch-rozhkovyy-14kh15mm/...
2026-03-04 22:00:34,557 - [823/1000] 82.3% - https://th-tool.by/klyuch-rozhkovyy-16kh17mm/...
2026-03-04 22:00:34,904 - [824/1000] 82.4% - https://th-tool.by/klyuch-rozhkovyy-18kh19mm/...
2026-03-04 22:00:35,252 - [825/1000] 82.5% - https://th-tool.by/klyuch-rozhkovyy-20kh22mm/...
2026-03-04 22:00:35,600 - [826/1000] 82.6% - https://th-tool.by/klyuch-rozhkovyy-24kh27mm/...
2026-03-04 22:00:35,948 - [827/1000] 82.7% - https://th-tool.by/klyuch-rozhkovyy-30kh32mm/...
2026-03-04 22:00:36,296 - [828/1000] 82.8% - https://th-tool.by/nabor-klyuchey-kombinirovannykh-25pr-6-28-30-32mm-v...
2026-03-04 22:00:36,644 - [829/1000] 82.9% - https://th-tool.by/nabor-golovok-bit-torks-6pr-3-8/...
2026-03-04 22:00:36,992 - [830/1000] 83.0% - https://th-tool.by/korobka-peredach-k-shurupovertu-cda12v-li-ion/...
2026-03-04 22:00:37,340 - [831/1000] 83.1% - https://th-tool.by/motor-k-shurupovertu-cda12v-li-ion/...
2026-03-04 22:00:37,688 - [832/1000] 83.2% - https://th-tool.by/vyklyuchatel-pitaniya-k-shurupovertu-cda12v-li-ion/...
2026-03-04 22:00:38,037 - [833/1000] 83.3% - https://th-tool.by/pereklyuchatel-k-shurupovertu-cda12v-li-ion/...
2026-03-04 22:00:38,384 - [834/1000] 83.4% - https://th-tool.by/korpus-k-shurupovertu-cda12v-li-ion/...
2026-03-04 22:00:38,733 - [835/1000] 83.5% - https://th-tool.by/korobka-peredach-k-shurupovertu-cda14-4v-li-ion/...
2026-03-04 22:00:39,080 - [836/1000] 83.6% - https://th-tool.by/motor-k-shurupovertu-cda14-4v-li-ion/...
2026-03-04 22:00:39,428 - [837/1000] 83.7% - https://th-tool.by/pereklyuchatel-k-shurupovertu-cda14-4v-li-ion/...
2026-03-04 22:00:39,776 - [838/1000] 83.8% - https://th-tool.by/vyklyuchatel-pitaniya-k-shurupovertu-cda14-4v-li-io...
2026-03-04 22:00:40,124 - [839/1000] 83.9% - https://th-tool.by/knopka-skorosti-k-shurupovertu-cda14-4v-li-ion/...
2026-03-04 22:00:40,472 - [840/1000] 84.0% - https://th-tool.by/korpus-k-shurupovertu-cda14-4v-li-ion/...
2026-03-04 22:00:40,820 - [841/1000] 84.1% - https://th-tool.by/korobka-peredach-k-shurupovertu-cda18v-li-ion/...
2026-03-04 22:00:41,168 - [842/1000] 84.2% - https://th-tool.by/motor-k-shurupovertu-cda18v-li-ion/...
2026-03-04 22:00:41,516 - [843/1000] 84.3% - https://th-tool.by/vyklyuchatel-pitaniya-k-shurupovertu-cda18v-li-ion/...
2026-03-04 22:00:41,864 - [844/1000] 84.4% - https://th-tool.by/knopka-skorosti-k-shurupovertu-cda18v-li-ion/...
2026-03-04 22:00:42,211 - [845/1000] 84.5% - https://th-tool.by/korpus-k-shurupovertu-cda18v-li-ion/...
2026-03-04 22:00:42,560 - [846/1000] 84.6% - https://th-tool.by/korobka-peredach-k-shurupovertu-cdm12v-ni-cd/...
2026-03-04 22:00:42,908 - [847/1000] 84.7% - https://th-tool.by/motor-k-shurupovertu-cdm12v-ni-cd/...
2026-03-04 22:00:43,256 - [848/1000] 84.8% - https://th-tool.by/knopka-skorosti-k-shurupovertu-cdm12v-ni-cd/...
2026-03-04 22:00:43,604 - [849/1000] 84.9% - https://th-tool.by/korpus-k-shurupovertu-cdm12v-ni-cd/...
2026-03-04 22:00:43,953 - [850/1000] 85.0% - https://th-tool.by/pereklyuchatel-k-shurupovertu-cdm12v-ni-cd/...
2026-03-04 22:00:44,299 - 
--- Прогресс: 850/1000 | Успешно: 0 | Ошибки: 850 | Время: 4.9 мин ---

2026-03-04 22:00:44,300 - [851/1000] 85.1% - https://th-tool.by/vyklyuchatel-pitaniya-k-shurupovertu-cdm12v-ni-cd/...
2026-03-04 22:00:44,649 - [852/1000] 85.2% - https://th-tool.by/udarnyy-mekhanizm-k-udarnomu-gaykovertu-wr24-450p/...
2026-03-04 22:00:44,996 - [853/1000] 85.3% - https://th-tool.by/rotor-k-udarnomu-gaykovertu-wr24-450p/...
2026-03-04 22:00:45,344 - [854/1000] 85.4% - https://th-tool.by/stator-k-udarnomu-gaykovertu-wr24-450p/...
2026-03-04 22:00:45,692 - [855/1000] 85.5% - https://th-tool.by/ugolnaya-shchetka-k-udarnomu-gaykovertu-wr24-450p-2...
2026-03-04 22:00:46,040 - [856/1000] 85.6% - https://th-tool.by/derzhatel-ugolnoy-shchetki-k-udarnomu-gaykovertu-wr...
2026-03-04 22:00:46,388 - [857/1000] 85.7% - https://th-tool.by/bita-torx-s-otverstiem-t45kh25mm-1-4/...
2026-03-04 22:00:46,736 - [858/1000] 85.8% - https://th-tool.by/korpus-k-udarnomu-gaykovertu-wr24-450p/...
2026-03-04 22:00:47,083 - [859/1000] 85.9% - https://th-tool.by/korobka-peredach-k-dreli-shurupovertu-id13-400p/...
2026-03-04 22:00:47,432 - [860/1000] 86.0% - https://th-tool.by/rotor-k-dreli-shurupovertu-id13-400p/...
2026-03-04 22:00:47,780 - [861/1000] 86.1% - https://th-tool.by/stator-k-dreli-shurupovertu-id13-400p/...
2026-03-04 22:00:48,129 - [862/1000] 86.2% - https://th-tool.by/ugolnaya-shchetka-k-dreli-shurupovertu-id13-400p-2s...
2026-03-04 22:00:48,475 - [863/1000] 86.3% - https://th-tool.by/knopka-skorosti-k-dreli-shurupovertu-id13-400p/...
2026-03-04 22:00:48,823 - [864/1000] 86.4% - https://th-tool.by/korpus-k-dreli-shurupovertu-id13-400p/...
2026-03-04 22:00:49,172 - [865/1000] 86.5% - https://th-tool.by/vyklyuchatel-pitaniya-k-dreli-shurupovertu-id13-400...
2026-03-04 22:00:49,520 - [866/1000] 86.6% - https://th-tool.by/kondensator-k-dreli-shurupovertu-id13-400p/...
2026-03-04 22:00:49,867 - [867/1000] 86.7% - https://th-tool.by/udarnyy-mekhanizm-k-perforatoru-rh26-980ecplus/...
2026-03-04 22:00:50,216 - [868/1000] 86.8% - https://th-tool.by/bolshoe-zubchatoe-koleso-k-perforatoru-rh26-980ecpl...
2026-03-04 22:00:50,563 - [869/1000] 86.9% - https://th-tool.by/diagonalnyy-mekhanizm-k-perforatoru-rh26-980ecplus/...
2026-03-04 22:00:50,911 - [870/1000] 87.0% - https://th-tool.by/rotor-k-perforatoru-rh26-980ecplus/...
2026-03-04 22:00:51,259 - [871/1000] 87.1% - https://th-tool.by/stator-k-perforatoru-rh26-980ecplus/...
2026-03-04 22:00:51,608 - [872/1000] 87.2% - https://th-tool.by/korpus-k-perforatoru-rh26-980ecplus/...
2026-03-04 22:00:51,955 - [873/1000] 87.3% - https://th-tool.by/induktsiya-k-perforatoru-rh26-980ecplus/...
2026-03-04 22:00:52,303 - [874/1000] 87.4% - https://th-tool.by/kondensator-k-perforatoru-rh26-980ecplus/...
2026-03-04 22:00:52,652 - [875/1000] 87.5% - https://th-tool.by/bita-torx-s-otverstiem-t50kh25mm-1-4/...
2026-03-04 22:00:53,000 - [876/1000] 87.6% - https://th-tool.by/vyklyuchatel-pitaniya-k-perforatoru-rh26-980ecplus/...
2026-03-04 22:00:53,347 - [877/1000] 87.7% - https://th-tool.by/136268-akkum-drel-hammer-acd142li-1-3-premium-14-4v...
2026-03-04 22:00:53,695 - [878/1000] 87.8% - https://th-tool.by/nabor-bit-torks-s-bitoderzhatelem-9pr-3-8-t20-t25-t...
2026-03-04 22:00:54,044 - [879/1000] 87.9% - https://th-tool.by/golovka-dlya-litykh-diskov-s-zashchitnym-kozhukhom-...
2026-03-04 22:00:54,392 - [880/1000] 88.0% - https://th-tool.by/klyuch-kombinirovannyy-treshchotochnyy-s-sharnirom-...
2026-03-04 22:00:54,739 - [881/1000] 88.1% - https://th-tool.by/klyuch-kombinirovannyy-treshchotochnyy-s-sharnirom-...
2026-03-04 22:00:55,088 - [882/1000] 88.2% - https://th-tool.by/klyuch-kombinirovannyy-treshchotochnyy-s-sharnirom-...
2026-03-04 22:00:55,435 - [883/1000] 88.3% - https://th-tool.by/klyuch-kombinirovannyy-treshchotochnyy-s-sharnirom-...
2026-03-04 22:00:55,784 - [884/1000] 88.4% - https://th-tool.by/elektrod-svarochnyy-kobatek-213-3-2kh350-tubus-2kg-...
2026-03-04 22:00:56,131 - [885/1000] 88.5% - https://th-tool.by/klyuch-kombinirovannyy-treshchotochnyy-s-sharnirom-...
2026-03-04 22:00:56,480 - [886/1000] 88.6% - https://th-tool.by/klyuch-kombinirovannyy-treshchotochnyy-s-sharnirom-...
2026-03-04 22:00:56,828 - [887/1000] 88.7% - https://th-tool.by/klyuch-kombinirovannyy-treshchotochnyy-s-sharnirom-...
2026-03-04 22:00:57,175 - [888/1000] 88.8% - https://th-tool.by/golovka-bita-krestoobraznaya-pz-3-1-4/...
2026-03-04 22:00:57,523 - [889/1000] 88.9% - https://th-tool.by/svarochnyy-apparat-inverter-251-ultra-pfc-380v-10-2...
2026-03-04 22:00:57,872 - [890/1000] 89.0% - https://th-tool.by/bita-6-grannaya-h10kh75mm-10mm/...
2026-03-04 22:00:58,219 - [891/1000] 89.1% - https://th-tool.by/komplekt-nakonechnikov-dlya-propanovoy-gorelki-3-15...
2026-03-04 22:00:58,567 - [892/1000] 89.2% - https://th-tool.by/36724-bita-hammer-flex-203-101-pb-ph-1-25mm-1pc-tin...
2026-03-04 22:00:58,914 - [893/1000] 89.3% - https://th-tool.by/36727-bita-hammer-flex-203-106-pb-ph-3-25mm-1pc-tin...
2026-03-04 22:00:59,263 - [894/1000] 89.4% - https://th-tool.by/36734-bita-hammer-flex-203-123-pb-pz-2-25mm-1pc-tin...
2026-03-04 22:00:59,612 - [895/1000] 89.5% - https://th-tool.by/bita-torx-t30kh30mm-10mm/...
2026-03-04 22:00:59,958 - [896/1000] 89.6% - https://th-tool.by/62188-nasadka-polirovalnaya-hammer-flex-227-012-pd-...
2026-03-04 22:01:00,308 - [897/1000] 89.7% - https://th-tool.by/54195-maslo-hammer-flex-501-015-transmissionnoe-1-0...
2026-03-04 22:01:00,655 - [898/1000] 89.8% - https://th-tool.by/44710-nabor-aksessuarov-hammer-flex-219-002-md-ac-2...
2026-03-04 22:01:01,003 - [899/1000] 89.9% - https://th-tool.by/54493-nabor-shliflistov-hammer-flex-220-003-mf-ac-0...
2026-03-04 22:01:01,351 - [900/1000] 90.0% - https://th-tool.by/54514-polotno-dlya-mfi-hammer-flex-220-020-mf-ac-02...
2026-03-04 22:01:01,699 - 
--- Прогресс: 900/1000 | Успешно: 0 | Ошибки: 900 | Время: 5.2 мин ---

2026-03-04 22:01:01,699 - [901/1000] 90.1% - https://th-tool.by/54516-polotno-dlya-mfi-hammer-flex-220-021-mf-ac-02...
2026-03-04 22:01:02,046 - [902/1000] 90.2% - https://th-tool.by/54513-polotno-dlya-mfi-hammer-flex-220-023-mf-ac-02...
2026-03-04 22:01:02,395 - [903/1000] 90.3% - https://th-tool.by/58801-polotno-dlya-sabelnykh-pil-hammer-flex-225-00...
2026-03-04 22:01:02,743 - [904/1000] 90.4% - https://th-tool.by/58809-polotno-dlya-sabelnykh-pil-hammer-flex-225-01...
2026-03-04 22:01:03,091 - [905/1000] 90.5% - https://th-tool.by/37080-nabor-sverl-hammer-flex-202-906-dr-set-no6-5p...
2026-03-04 22:01:03,439 - [906/1000] 90.6% - https://th-tool.by/37075-nabor-sverl-hammer-flex-202-912-dr-set-no12-h...
2026-03-04 22:01:03,786 - [907/1000] 90.7% - https://th-tool.by/bita-torx-t40kh30mm-10mm/...
2026-03-04 22:01:04,135 - [908/1000] 90.8% - https://th-tool.by/37081-nabor-sverl-hammer-flex-202-913-dr-set-no13-h...
2026-03-04 22:01:04,483 - [909/1000] 90.9% - https://th-tool.by/37082-nabor-sverl-hammer-flex-202-914-dr-set-no14-h...
2026-03-04 22:01:04,831 - [910/1000] 91.0% - https://th-tool.by/362922-bita-hammer-flex-203-164-ph-3-50mm-2sht/...
2026-03-04 22:01:05,179 - [911/1000] 91.1% - https://th-tool.by/bita-12-luchevaya-spline-m6kh30mm-10mm/...
2026-03-04 22:01:05,527 - [912/1000] 91.2% - https://th-tool.by/bita-12-luchevaya-spline-m8kh30mm-10mm/...
2026-03-04 22:01:05,874 - [913/1000] 91.3% - https://th-tool.by/62231-nabor-koltsevykh-pil-hammer-flex-224-204-dr-c...
2026-03-04 22:01:06,223 - [914/1000] 91.4% - https://th-tool.by/62189-nasadka-polirovalnaya-hammer-flex-227-013-pd-...
2026-03-04 22:01:06,570 - [915/1000] 91.5% - https://th-tool.by/62192-nasadka-polirovalnaya-hammer-flex-227-016-pd-...
2026-03-04 22:01:06,919 - [916/1000] 91.6% - https://th-tool.by/semnik-sharovykh-opor-vwt4/...
2026-03-04 22:01:07,267 - [917/1000] 91.7% - https://th-tool.by/29435-krug-lepestkovyy-tortsevoy-klt-hammer-flex-21...
2026-03-04 22:01:07,615 - [918/1000] 91.8% - https://th-tool.by/bokorezy-diagonalnye-6-150mm/...
2026-03-04 22:01:07,962 - [919/1000] 91.9% - https://th-tool.by/29407-shlif-krug-samostsepl-hammer-flex-214-005-d12...
2026-03-04 22:01:08,311 - [920/1000] 92.0% - https://th-tool.by/54385-shlif-krug-samostsepl-hammer-flex-214-008-d12...
2026-03-04 22:01:08,659 - [921/1000] 92.1% - https://th-tool.by/54386-shlif-krug-samostsepl-hammer-flex-214-009-d12...
2026-03-04 22:01:09,006 - [922/1000] 92.2% - https://th-tool.by/bokorezy-diagonalnye-8-200mm/...
2026-03-04 22:01:09,354 - [923/1000] 92.3% - https://th-tool.by/62829-nabor-sverl-hammer-flex-202-906-dr-set-no6-5p...
2026-03-04 22:01:09,702 - [924/1000] 92.4% - https://th-tool.by/domkrat-podkatnoy-gidravlicheskiy-3-t/...
2026-03-04 22:01:10,050 - [925/1000] 92.5% - https://th-tool.by/34001-skoby-dlya-steplera-hammer-flex-215-001-12mm-...
2026-03-04 22:01:10,398 - [926/1000] 92.6% - https://th-tool.by/251603-nabor-osnastki-dlya-dreli-keys/...
2026-03-04 22:01:10,746 - [927/1000] 92.7% - https://th-tool.by/klyuch-kombinirovannyy-treshchotochnyy-s-sharnirom-...
2026-03-04 22:01:11,094 - [928/1000] 92.8% - https://th-tool.by/klyuch-kombinirovannyy-treshchotochnyy-s-sharnirom-...
2026-03-04 22:01:11,442 - [929/1000] 92.9% - https://th-tool.by/klyuch-kombinirovannyy-treshchotochnyy-s-sharnirom-...
2026-03-04 22:01:11,791 - [930/1000] 93.0% - https://th-tool.by/klyuch-kombinirovannyy-treshchotochnyy-s-sharnirom-...
2026-03-04 22:01:12,138 - [931/1000] 93.1% - https://th-tool.by/domkrat-podkatnoy-gidravlicheskiy-dvukhporshnevoy-4...
2026-03-04 22:01:12,486 - [932/1000] 93.2% - https://th-tool.by/klyuch-kombinirovannyy-treshchotochnyy-s-sharnirom-...
2026-03-04 22:01:12,834 - [933/1000] 93.3% - https://th-tool.by/klyuch-kombinirovannyy-treshchotochnyy-s-sharnirom-...
2026-03-04 22:01:13,183 - [934/1000] 93.4% - https://th-tool.by/klyuch-kombinirovannyy-treshchotochnyy-s-sharnirom-...
2026-03-04 22:01:13,530 - [935/1000] 93.5% - https://th-tool.by/klyuch-kombinirovannyy-treshchotochnyy-s-sharnirom-...
2026-03-04 22:01:13,879 - [936/1000] 93.6% - https://th-tool.by/klyuch-kombinirovannyy-treshchotochnyy-s-sharnirom-...
2026-03-04 22:01:14,227 - [937/1000] 93.7% - https://th-tool.by/klyuch-kombinirovannyy-treshchotochnyy-s-sharnirom-...
2026-03-04 22:01:14,574 - [938/1000] 93.8% - https://th-tool.by/klyuch-kombinirovannyy-treshchotochnyy-11mm/...
2026-03-04 22:01:14,923 - [939/1000] 93.9% - https://th-tool.by/klyuch-kombinirovannyy-treshchotochnyy-21mm/...
2026-03-04 22:01:15,270 - [940/1000] 94.0% - https://th-tool.by/klyuch-razreznoy-8kh10mm/...
2026-03-04 22:01:15,618 - [941/1000] 94.1% - https://th-tool.by/golovka-smennaya-s15kh10/...
2026-03-04 22:01:15,966 - [942/1000] 94.2% - https://th-tool.by/golovka-smennaya-s17kh10/...
2026-03-04 22:01:16,314 - [943/1000] 94.3% - https://th-tool.by/golovka-smennaya-s19kh10/...
2026-03-04 22:01:16,662 - [944/1000] 94.4% - https://th-tool.by/golovka-smennaya-s22kh10/...
2026-03-04 22:01:17,011 - [945/1000] 94.5% - https://th-tool.by/golovka-smennaya-s11kh12-5/...
2026-03-04 22:01:17,358 - [946/1000] 94.6% - https://th-tool.by/golovka-smennaya-s12kh12-5/...
2026-03-04 22:01:17,706 - [947/1000] 94.7% - https://th-tool.by/klyuch-razreznoy-9kh11mm/...
2026-03-04 22:01:18,054 - [948/1000] 94.8% - https://th-tool.by/golovka-smennaya-s22kh12-5/...
2026-03-04 22:01:18,402 - [949/1000] 94.9% - https://th-tool.by/klyuch-kombinirovannyy-treshchotochnyy-24mm/...
2026-03-04 22:01:18,750 - [950/1000] 95.0% - https://th-tool.by/klyuch-razreznoy-10kh11mm/...
2026-03-04 22:01:19,098 - 
--- Прогресс: 950/1000 | Успешно: 0 | Ошибки: 950 | Время: 5.5 мин ---

2026-03-04 22:01:19,098 - [951/1000] 95.1% - https://th-tool.by/klyuch-kombinirovannyy-treshchotochnyy-27mm/...
2026-03-04 22:01:19,446 - [952/1000] 95.2% - https://th-tool.by/klyuch-kombinirovannyy-treshchotochnyy-30mm/...
2026-03-04 22:01:19,794 - [953/1000] 95.3% - https://th-tool.by/klyuch-kombinirovannyy-treshchotochnyy-32mm/...
2026-03-04 22:01:20,142 - [954/1000] 95.4% - https://th-tool.by/nabor-klyuchey-kombinirovannykh-treshchotochnykh-11...
2026-03-04 22:01:20,490 - [955/1000] 95.5% - https://th-tool.by/golovka-bita-6-grannaya-5mm-1-2-l-100mm/...
2026-03-04 22:01:20,838 - [956/1000] 95.6% - https://th-tool.by/nabor-klyuchey-kombinirovannykh-treshchotochnykh-9p...
2026-03-04 22:01:21,187 - [957/1000] 95.7% - https://th-tool.by/nabor-klyuchey-kombinirovannykh-treshchotochnykh-s-...
2026-03-04 22:01:21,534 - [958/1000] 95.8% - https://th-tool.by/golovka-bita-6-grannaya-6mm-1-2-l-100mm/...
2026-03-04 22:01:21,898 - [959/1000] 95.9% - https://th-tool.by/nabor-klyuchey-kombinirovannykh-treshchotochnykh-s-...
2026-03-04 22:01:22,247 - [960/1000] 96.0% - https://th-tool.by/golovka-bita-6-grannaya-7mm-1-2-l-100mm/...
2026-03-04 22:01:22,594 - [961/1000] 96.1% - https://th-tool.by/golovka-bita-6-grannaya-8mm-1-2-l-100mm/...
2026-03-04 22:01:22,942 - [962/1000] 96.2% - https://th-tool.by/klyuch-rozhkovyy-8kh9mm_1/...
2026-03-04 22:01:23,290 - [963/1000] 96.3% - https://th-tool.by/golovka-bita-6-grannaya-14mm-1-2-l-100mm/...
2026-03-04 22:01:23,638 - [964/1000] 96.4% - https://th-tool.by/klyuch-rozhkovyy-10kh11mm_1/...
2026-03-04 22:01:23,986 - [965/1000] 96.5% - https://th-tool.by/klyuch-rozhkovyy-12kh13mm_1/...
2026-03-04 22:01:24,334 - [966/1000] 96.6% - https://th-tool.by/klyuch-rozhkovyy-13kh17mm/...
2026-03-04 22:01:24,682 - [967/1000] 96.7% - https://th-tool.by/klyuch-rozhkovyy-14kh15mm_1/...
2026-03-04 22:01:25,030 - [968/1000] 96.8% - https://th-tool.by/klyuch-rozhkovyy-16kh17mm_1/...
2026-03-04 22:01:25,378 - [969/1000] 96.9% - https://th-tool.by/klyuch-rozhkovyy-17kh19mm/...
2026-03-04 22:01:25,726 - [970/1000] 97.0% - https://th-tool.by/klyuch-rozhkovyy-18kh19mm_1/...
2026-03-04 22:01:26,074 - [971/1000] 97.1% - https://th-tool.by/klyuch-rozhkovyy-19kh22mm/...
2026-03-04 22:01:26,422 - [972/1000] 97.2% - https://th-tool.by/klyuch-rozhkovyy-20kh22mm_1/...
2026-03-04 22:01:26,769 - [973/1000] 97.3% - https://th-tool.by/klyuch-rozhkovyy-21kh23mm/...
2026-03-04 22:01:27,117 - [974/1000] 97.4% - https://th-tool.by/klyuch-rozhkovyy-22kh24mm/...
2026-03-04 22:01:27,465 - [975/1000] 97.5% - https://th-tool.by/klyuch-rozhkovyy-30kh32mm_1/...
2026-03-04 22:01:27,814 - [976/1000] 97.6% - https://th-tool.by/klyuch-rozhkovyy-32kh36mm/...
2026-03-04 22:01:28,163 - [977/1000] 97.7% - https://th-tool.by/klyuch-rozhkovyy-36kh41mm/...
2026-03-04 22:01:28,510 - [978/1000] 97.8% - https://th-tool.by/klyuch-rozhkovyy-46kh50mm/...
2026-03-04 22:01:28,858 - [979/1000] 97.9% - https://th-tool.by/nabor-klyuchey-rozhkovykh-8pr-8kh9-10kh11-12kh13-14...
2026-03-04 22:01:29,206 - [980/1000] 98.0% - https://th-tool.by/nabor-klyuchey-rozhkovykh-10pr-8kh10-9kh11-12kh13-1...
2026-03-04 22:01:29,554 - [981/1000] 98.1% - https://th-tool.by/klyuchi-rozhkovye-nabor-12pr-6kh7-8kh9-10kh11-12kh1...
2026-03-04 22:01:29,901 - [982/1000] 98.2% - https://th-tool.by/klyuch-nakidnoy-otognutyy-na-75grd-8kh9mm/...
2026-03-04 22:01:30,251 - [983/1000] 98.3% - https://th-tool.by/klyuch-nakidnoy-otognutyy-na-75grd-8kh10mm/...
2026-03-04 22:01:30,597 - [984/1000] 98.4% - https://th-tool.by/klyuch-nakidnoy-otognutyy-na-75grd-10kh11mm/...
2026-03-04 22:01:30,946 - [985/1000] 98.5% - https://th-tool.by/klyuch-nakidnoy-otognutyy-na-75grd-10kh12mm/...
2026-03-04 22:01:31,294 - [986/1000] 98.6% - https://th-tool.by/klyuch-nakidnoy-otognutyy-na-75grd-12kh13mm/...
2026-03-04 22:01:31,641 - [987/1000] 98.7% - https://th-tool.by/klyuch-nakidnoy-otognutyy-na-75grd-14kh15mm/...
2026-03-04 22:01:31,989 - [988/1000] 98.8% - https://th-tool.by/klyuch-nakidnoy-otognutyy-na-75grd-16kh17mm/...
2026-03-04 22:01:32,338 - [989/1000] 98.9% - https://th-tool.by/klyuch-nakidnoy-otognutyy-na-75grd-18kh19mm/...
2026-03-04 22:01:32,686 - [990/1000] 99.0% - https://th-tool.by/klyuch-nakidnoy-otognutyy-na-75grd-19kh22mm/...
2026-03-04 22:01:33,034 - [991/1000] 99.1% - https://th-tool.by/klyuch-nakidnoy-otognutyy-na-75grd-20kh22mm/...
2026-03-04 22:01:33,382 - [992/1000] 99.2% - https://th-tool.by/klyuch-nakidnoy-otognutyy-na-75grd-21kh23mm/...
2026-03-04 22:01:33,729 - [993/1000] 99.3% - https://th-tool.by/klyuch-nakidnoy-otognutyy-na-75grd-22kh24mm/...
2026-03-04 22:01:34,078 - [994/1000] 99.4% - https://th-tool.by/klyuch-nakidnoy-otognutyy-na-75grd-24kh27mm/...
2026-03-04 22:01:34,425 - [995/1000] 99.5% - https://th-tool.by/klyuch-nakidnoy-otognutyy-na-75grd-30kh32mm/...
2026-03-04 22:01:34,773 - [996/1000] 99.6% - https://th-tool.by/klyuch-nakidnoy-otognutyy-na-75grd-32kh36mm/...
2026-03-04 22:01:35,122 - [997/1000] 99.7% - https://th-tool.by/klyuch-nakidnoy-otognutyy-na-75grd-36kh41mm/...
2026-03-04 22:01:35,470 - [998/1000] 99.8% - https://th-tool.by/klyuch-nakidnoy-otognutyy-na-75grd-46kh50mm/...
2026-03-04 22:01:35,817 - [999/1000] 99.9% - https://th-tool.by/nabor-klyuchey-nakidnykh-ye-profil-4pr-ye6khye8-ye1...
2026-03-04 22:01:36,165 - [1000/1000] 100.0% - https://th-tool.by/otvertka-udarnaya-s-naborom-bit-i-adapterom-6pr-1-2...
2026-03-04 22:01:36,513 - 
--- Прогресс: 1000/1000 | Успешно: 0 | Ошибки: 1000 | Время: 5.8 мин ---

2026-03-04 22:01:36,513 - 
============================================================
2026-03-04 22:01:36,513 - ПАРСИНГ ЗАВЕРШЕН!
2026-03-04 22:01:36,513 - Всего: 1000
2026-03-04 22:01:36,516 - ============================================================
2026-03-04 22:01:36,535 - Товаров в БД: 0
